sensor0;sensor1;sensor2;sensor3;sensor4;left;up;right
1.0349822044372559;2.6004388332366943;0.4600812494754791;1.4414081573486328;5.0;1.0;0.0;0.0
1.010286569595337;2.673307418823242;0.454521119594574;1.4484013319015503;5.0;1.0;0.0;0.0
1.0326920747756958;2.6428029537200928;0.45393142104148865;1.4466211795806885;5.0;1.0;0.0;0.0
1.0962183475494385;2.4795010089874268;0.4372977614402771;1.4763528108596802;0.7612349987030029;1.0;0.0;0.0
1.3613078594207764;2.2225091457366943;0.4517713785171509;1.5100250244140625;0.6342475414276123;1.0;0.0;0.0
1.849513053894043;2.032665491104126;0.4349844455718994;1.573594093322754;0.5490717887878418;1.0;0.0;0.0
2.9243342876434326;1.8916988372802734;0.42642509937286377;1.6231752634048462;0.5128132700920105;1.0;0.0;0.0
5.0;1.7720965147018433;0.45079609751701355;1.7072290182113647;0.46983256936073303;1.0;0.0;0.0
5.0;1.6882532835006714;0.4799492061138153;1.8461018800735474;0.42519477009773254;1.0;0.0;0.0
5.0;1.6169109344482422;0.5016091465950012;1.95053231716156;0.4191327393054962;1.0;0.0;0.0
5.0;1.5739264488220215;0.5472091436386108;2.111983299255371;0.4040212333202362;0.0;1.0;0.0
5.0;1.543015956878662;0.596001923084259;2.221116304397583;0.4106079936027527;0.0;1.0;0.0
5.0;1.5071005821228027;0.641273021697998;2.2983829975128174;0.41040486097335815;0.0;1.0;0.0
5.0;1.447251319885254;0.7325436472892761;2.4222805500030518;0.45041728019714355;0.0;1.0;0.0
5.0;1.4351952075958252;0.8185356259346008;2.360773801803589;0.4736177325248718;0.0;1.0;0.0
5.0;1.3862783908843994;0.8885381817817688;2.2985947132110596;0.5024279952049255;0.0;1.0;0.0
3.473250389099121;1.3680073022842407;0.9436259865760803;2.212364673614502;0.5693548917770386;0.0;0.0;1.0
3.2318944931030273;1.2884128093719482;1.023398518562317;2.2540645599365234;0.6111953258514404;0.0;0.0;1.0
3.178215742111206;1.2760040760040283;1.0712332725524902;2.1407594680786133;0.6127252578735352;0.0;0.0;1.0
5.0;1.2678513526916504;1.0051188468933105;1.9201772212982178;0.6615472435951233;0.0;0.0;1.0
5.0;1.278433918952942;0.9255772233009338;1.7230067253112793;0.6837723851203918;0.0;0.0;1.0
5.0;1.3169068098068237;0.8819028735160828;1.5431543588638306;0.7280604243278503;0.0;1.0;0.0
5.0;1.3443481922149658;0.8485263586044312;1.4802805185317993;0.7672724723815918;0.0;1.0;0.0
5.0;1.363109827041626;0.8223351836204529;1.4151273965835571;0.7946988344192505;0.0;1.0;0.0
5.0;1.3758755922317505;0.8272779583930969;1.391775369644165;0.7901556491851807;0.0;1.0;0.0
5.0;1.3645823001861572;0.808194637298584;1.3906153440475464;0.7863619327545166;0.0;1.0;0.0
5.0;1.3544083833694458;0.8343661427497864;1.4017441272735596;0.8008935451507568;0.0;1.0;0.0
5.0;1.3791805505752563;0.8185163736343384;1.4075528383255005;0.7966504096984863;0.0;1.0;0.0
5.0;1.3678245544433594;0.8300151824951172;1.384822130203247;0.8089872002601624;0.0;1.0;0.0
5.0;1.3612951040267944;0.8408139944076538;1.3763607740402222;0.8109756708145142;0.0;1.0;0.0
5.0;1.3705815076828003;0.8231733441352844;1.3875701427459717;0.7993022203445435;0.0;1.0;0.0
5.0;1.3688305616378784;0.8130198121070862;1.3779271841049194;0.8154696226119995;0.0;1.0;0.0
5.0;1.3636161088943481;0.839305579662323;1.4003729820251465;0.8157258629798889;0.0;1.0;0.0
5.0;1.3827446699142456;0.8426277041435242;1.370797038078308;0.8048200607299805;0.0;1.0;0.0
5.0;1.350925087928772;0.8514952063560486;1.388372540473938;0.8111079335212708;0.0;1.0;0.0
5.0;1.3436201810836792;0.8301547169685364;1.391104817390442;0.8363087177276611;0.0;1.0;0.0
5.0;1.3560594320297241;0.8401449918746948;1.386812448501587;0.8111481070518494;0.0;1.0;0.0
5.0;1.3421199321746826;0.8448112607002258;1.3645704984664917;0.8179041743278503;0.0;1.0;0.0
5.0;1.3403115272521973;0.8558008670806885;1.3697456121444702;0.8161242604255676;0.0;1.0;0.0
5.0;1.3502649068832397;0.8303195834159851;1.3840490579605103;0.8286710977554321;0.0;1.0;0.0
5.0;1.3646880388259888;0.8321319222450256;1.3738727569580078;0.8153760433197021;0.0;1.0;0.0
5.0;1.3685835599899292;0.863583505153656;1.3915328979492188;0.8261780738830566;0.0;1.0;0.0
5.0;1.343249797821045;0.8616113066673279;1.365194320678711;0.8404988646507263;0.0;1.0;0.0
5.0;1.3436238765716553;0.8736571073532104;1.368544101715088;0.8254413604736328;0.0;1.0;0.0
5.0;1.3244553804397583;0.8608376383781433;1.356935977935791;0.8454088568687439;0.0;1.0;0.0
5.0;1.3252862691879272;0.8698825836181641;1.3702703714370728;0.8398294448852539;0.0;1.0;0.0
5.0;1.333948016166687;0.8655058741569519;1.362321138381958;0.8327378034591675;0.0;1.0;0.0
5.0;1.3326351642608643;0.8650358319282532;1.3838979005813599;0.8356331586837769;0.0;1.0;0.0
5.0;1.3272199630737305;0.8792162537574768;1.347924828529358;0.8371670246124268;0.0;1.0;0.0
5.0;1.319536566734314;0.8764744400978088;1.340968370437622;0.8357105851173401;0.0;1.0;0.0
5.0;1.3222168684005737;0.8683534860610962;1.357950210571289;0.8377804160118103;0.0;1.0;0.0
5.0;1.3150711059570312;0.8771216869354248;1.3490583896636963;0.8512612581253052;0.0;1.0;0.0
5.0;1.3164610862731934;0.8868774175643921;1.3570187091827393;0.8557063341140747;0.0;1.0;0.0
5.0;1.312205195426941;0.8726590275764465;1.3610296249389648;0.8440483808517456;0.0;1.0;0.0
5.0;1.3231239318847656;0.8677973747253418;1.3585882186889648;0.8632650971412659;0.0;1.0;0.0
5.0;1.3030503988265991;0.8986632823944092;1.3380299806594849;0.8475337028503418;0.0;1.0;0.0
5.0;1.304095983505249;0.8568495512008667;1.3359373807907104;0.8555781841278076;0.0;1.0;0.0
5.0;1.3037796020507812;0.8935942649841309;1.3303755521774292;0.8494896292686462;0.0;1.0;0.0
5.0;1.3061549663543701;0.878107488155365;1.3274766206741333;0.8605214357376099;0.0;1.0;0.0
5.0;1.3209859132766724;0.9055983424186707;1.3506988286972046;0.8599618077278137;0.0;1.0;0.0
5.0;1.302986979484558;0.8883814811706543;1.3345966339111328;0.8630059361457825;0.0;1.0;0.0
5.0;1.2671847343444824;0.9027566909790039;1.3366575241088867;0.8652116060256958;0.0;1.0;0.0
5.0;1.2872334718704224;0.9219390749931335;1.345418930053711;0.8630096316337585;0.0;1.0;0.0
5.0;1.2816405296325684;0.9198867082595825;1.339874267578125;0.8640174865722656;0.0;1.0;0.0
5.0;1.2848438024520874;0.9133120775222778;1.3274420499801636;0.8848088383674622;0.0;1.0;0.0
5.0;1.2833729982376099;0.8989697694778442;1.3336520195007324;0.8789008259773254;0.0;1.0;0.0
5.0;1.2786285877227783;0.9129503965377808;1.3084195852279663;0.8879942297935486;0.0;1.0;0.0
5.0;1.278011441230774;0.9132969379425049;1.3279739618301392;0.8604016304016113;0.0;1.0;0.0
5.0;1.289933204650879;0.9212268590927124;1.3294559717178345;0.8729182481765747;0.0;1.0;0.0
5.0;1.265714168548584;0.9265692830085754;1.3108304738998413;0.8902434706687927;0.0;1.0;0.0
5.0;1.2566252946853638;0.9257017970085144;1.3126543760299683;0.8815575838088989;0.0;1.0;0.0
5.0;1.2762864828109741;0.9361823797225952;1.3047126531600952;0.9041137099266052;0.0;1.0;0.0
5.0;1.257987141609192;0.9259049892425537;1.3035410642623901;0.9049845933914185;0.0;1.0;0.0
5.0;1.2541731595993042;0.9490649104118347;1.2982155084609985;0.9005832672119141;0.0;1.0;0.0
5.0;1.267185091972351;0.9524645805358887;1.2949237823486328;0.8902620673179626;0.0;1.0;0.0
5.0;1.2296561002731323;0.9513242244720459;1.2963811159133911;0.8922655582427979;0.0;1.0;0.0
5.0;1.2595674991607666;0.9495732188224792;1.3047754764556885;0.9007483124732971;0.0;1.0;0.0
5.0;1.2323092222213745;0.945515513420105;1.2898198366165161;0.8901617527008057;0.0;1.0;0.0
5.0;1.2430757284164429;0.983513593673706;1.299952745437622;0.9285435080528259;0.0;1.0;0.0
5.0;1.214630365371704;0.959399938583374;1.2965022325515747;0.9122518301010132;0.0;1.0;0.0
5.0;1.217371940612793;0.9726157188415527;1.285723328590393;0.9127916693687439;0.0;1.0;0.0
5.0;1.2193291187286377;0.9722229838371277;1.2988866567611694;0.9257240295410156;0.0;1.0;0.0
5.0;1.2289113998413086;0.9845723509788513;1.2827081680297852;0.9325476288795471;0.0;1.0;0.0
5.0;1.2168822288513184;0.9927346110343933;1.2654192447662354;0.9337602853775024;0.0;1.0;0.0
5.0;1.2164102792739868;0.9703571200370789;1.2571660280227661;0.9183139204978943;0.0;1.0;0.0
5.0;1.2233986854553223;1.0204620361328125;1.2599178552627563;0.9312456846237183;0.0;1.0;0.0
5.0;1.19515061378479;1.0113838911056519;1.265133261680603;0.9458221793174744;0.0;1.0;0.0
5.0;1.2075285911560059;1.023111343383789;1.2688933610916138;0.9409552216529846;0.0;1.0;0.0
5.0;1.1948726177215576;1.013051152229309;1.2393155097961426;0.9502633810043335;0.0;1.0;0.0
5.0;1.1661893129348755;1.0053731203079224;1.2485408782958984;0.9576967358589172;0.0;1.0;0.0
5.0;1.185045838356018;1.0224708318710327;1.246908187866211;0.9555951356887817;0.0;1.0;0.0
5.0;1.1600109338760376;1.0127928256988525;1.2298074960708618;0.9667546153068542;0.0;1.0;0.0
5.0;1.1603248119354248;1.0702553987503052;1.2270421981811523;0.9960572123527527;0.0;1.0;0.0
5.0;1.1615318059921265;1.0402647256851196;1.2163153886795044;0.9712550640106201;0.0;1.0;0.0
5.0;1.1423636674880981;1.0385841131210327;1.2042492628097534;0.9975593686103821;0.0;1.0;0.0
5.0;1.1292449235916138;1.0651167631149292;1.210693359375;0.9734928607940674;0.0;1.0;0.0
5.0;1.1511787176132202;1.0519723892211914;1.2200621366500854;0.9945572018623352;0.0;1.0;0.0
5.0;1.1235014200210571;1.0478036403656006;1.2080698013305664;0.9910281896591187;0.0;1.0;0.0
0.11999999731779099;1.121812343597412;1.0781447887420654;1.2039210796356201;1.0051029920578003;0.0;1.0;0.0
5.0;1.1269458532333374;1.0850563049316406;1.1888333559036255;1.0051909685134888;0.0;1.0;0.0
5.0;1.1278263330459595;1.087927222251892;1.2017958164215088;1.0147502422332764;0.0;1.0;0.0
5.0;1.0953547954559326;1.1011611223220825;1.1923975944519043;1.0277291536331177;0.0;1.0;0.0
5.0;1.1127585172653198;1.1013884544372559;1.1761524677276611;1.009610891342163;0.0;1.0;0.0
5.0;1.083864688873291;1.0985312461853027;1.1670165061950684;1.0215388536453247;0.0;1.0;0.0
5.0;1.0932343006134033;1.1107839345932007;1.1717499494552612;1.0245707035064697;0.0;1.0;0.0
5.0;1.0884411334991455;1.1087374687194824;1.1624467372894287;1.0234655141830444;0.0;1.0;0.0
5.0;1.0855435132980347;1.1392712593078613;1.1627004146575928;1.0547680854797363;0.0;1.0;0.0
5.0;1.0722938776016235;1.1258453130722046;1.1569867134094238;1.0481525659561157;0.0;1.0;0.0
5.0;1.0680058002471924;1.1541872024536133;1.1429486274719238;1.0397069454193115;0.0;1.0;0.0
5.0;1.0578160285949707;1.1496870517730713;1.1447229385375977;1.0586599111557007;0.0;1.0;0.0
5.0;1.0348424911499023;1.1799609661102295;1.1316720247268677;1.0457773208618164;0.0;1.0;0.0
5.0;1.0434048175811768;1.1820298433303833;1.122750997543335;1.0897626876831055;0.0;1.0;0.0
5.0;1.033944845199585;1.1867023706436157;1.1083327531814575;1.0837734937667847;0.0;0.0;1.0
5.0;1.0346115827560425;1.1853880882263184;1.1084622144699097;1.1049214601516724;0.0;1.0;0.0
5.0;1.0350555181503296;1.1849644184112549;1.0873678922653198;1.120043158531189;0.0;1.0;0.0
5.0;1.0371876955032349;1.2064083814620972;1.0907042026519775;1.1094262599945068;0.0;1.0;0.0
5.0;1.0205391645431519;1.1840249300003052;1.0611082315444946;1.1173374652862549;0.0;1.0;0.0
5.0;1.0061159133911133;1.1860712766647339;1.0768934488296509;1.110054850578308;0.0;1.0;0.0
5.0;1.0009185075759888;1.2086659669876099;1.0544984340667725;1.1037565469741821;0.0;1.0;0.0
5.0;1.0152229070663452;1.2078531980514526;1.0692222118377686;1.1499797105789185;0.0;0.0;1.0
5.0;1.0352215766906738;1.1901047229766846;1.0420118570327759;1.1446205377578735;0.0;0.0;1.0
0.11999999731779099;1.005630612373352;1.1989622116088867;1.0433176755905151;1.1478489637374878;0.0;1.0;0.0
5.0;1.0188639163970947;1.2088758945465088;1.049231767654419;1.1615314483642578;0.0;1.0;0.0
5.0;0.9865233898162842;1.2007677555084229;1.0301743745803833;1.1407873630523682;0.0;1.0;0.0
5.0;1.0010334253311157;1.208990216255188;1.0434974431991577;1.1560165882110596;0.0;1.0;0.0
5.0;0.95558762550354;1.2393745183944702;1.0354893207550049;1.1431403160095215;0.0;1.0;0.0
5.0;0.9860386252403259;1.232473373413086;1.0485384464263916;1.1433054208755493;0.0;1.0;0.0
5.0;0.9579864144325256;1.2471741437911987;1.034781575202942;1.1619600057601929;0.0;1.0;0.0
5.0;0.948097288608551;1.230631947517395;1.0069231986999512;1.1646358966827393;0.0;1.0;0.0
5.0;0.9588911533355713;1.2688863277435303;1.0134668350219727;1.1668827533721924;0.0;1.0;0.0
5.0;0.9165928959846497;1.2643556594848633;1.0218433141708374;1.1824272871017456;0.0;1.0;0.0
5.0;0.9418678283691406;1.2800194025039673;1.0312507152557373;1.161865234375;0.0;1.0;0.0
5.0;0.928343653678894;1.282612919807434;0.9939661622047424;1.1856120824813843;0.0;0.0;1.0
5.0;0.9199718236923218;1.3005512952804565;1.0315686464309692;1.1954498291015625;0.0;1.0;0.0
5.0;0.9217838048934937;1.3412935733795166;1.0007622241973877;1.1739435195922852;0.0;1.0;0.0
5.0;0.8957664966583252;1.3174374103546143;0.9901671409606934;1.1907247304916382;0.0;1.0;0.0
5.0;0.8900869488716125;1.3361276388168335;1.000681757926941;1.1950472593307495;0.0;1.0;0.0
5.0;0.8853355646133423;1.3698543310165405;0.9937832355499268;1.1965177059173584;0.0;0.0;1.0
5.0;0.8751530647277832;1.3789141178131104;0.9793559312820435;1.1974531412124634;0.0;0.0;1.0
5.0;0.8689730763435364;1.387426733970642;0.976963460445404;1.211390495300293;0.0;0.0;1.0
5.0;0.8673743605613708;5.0;0.966121256351471;1.221548080444336;0.0;0.0;1.0
5.0;0.8815435171127319;1.328230381011963;0.8852165341377258;1.2828069925308228;0.0;0.0;1.0
5.0;0.9354372024536133;1.259460687637329;0.8262856006622314;1.3993722200393677;0.0;1.0;0.0
5.0;0.9870039820671082;1.2098127603530884;0.8102980256080627;1.4370733499526978;0.0;1.0;0.0
5.0;1.0687329769134521;1.1769435405731201;0.8075293302536011;1.5370395183563232;0.0;1.0;0.0
5.0;1.1535390615463257;1.1229523420333862;0.8253334760665894;1.5950795412063599;0.0;1.0;0.0
3.487194776535034;1.1942027807235718;1.114694356918335;0.8470646739006042;1.5813193321228027;0.0;1.0;0.0
3.4125773906707764;1.2664142847061157;1.0847876071929932;0.8745021224021912;1.542340874671936;0.0;1.0;0.0
3.304264783859253;1.2941665649414062;5.0;0.9009177684783936;1.4957396984100342;0.0;1.0;0.0
3.219242811203003;1.3390471935272217;5.0;0.9463452696800232;1.4491883516311646;0.0;1.0;0.0
3.0909464359283447;1.3799159526824951;5.0;0.9518585801124573;1.4130266904830933;0.0;1.0;0.0
3.0079102516174316;1.4335805177688599;5.0;1.005620002746582;1.3707226514816284;0.0;1.0;0.0
2.897311210632324;1.477722406387329;5.0;1.0394513607025146;1.3304774761199951;0.0;1.0;0.0
2.815086841583252;1.5372623205184937;5.0;1.0570963621139526;1.3048288822174072;0.0;1.0;0.0
2.7033705711364746;1.5832358598709106;2.914813280105591;1.111200213432312;1.2347854375839233;0.0;1.0;0.0
2.5973477363586426;1.6383706331253052;2.8901782035827637;1.1064635515213013;1.2092998027801514;0.0;1.0;0.0
2.5200209617614746;1.662468671798706;2.8533103466033936;1.1385383605957031;1.1480603218078613;0.0;1.0;0.0
2.403515577316284;1.727094054222107;2.813478946685791;1.1836562156677246;1.1032171249389648;0.0;1.0;0.0
2.3140716552734375;1.7772009372711182;2.798550605773926;1.2218902111053467;1.0727379322052002;0.0;1.0;0.0
2.2048349380493164;1.825890302658081;2.743354082107544;1.2283023595809937;1.1714001893997192;0.0;1.0;0.0
2.1255483627319336;1.8661459684371948;2.7042088508605957;1.2722318172454834;5.0;0.0;0.0;1.0
2.01912522315979;1.889203429222107;2.684860944747925;1.3037972450256348;5.0;0.0;0.0;1.0
1.939161777496338;1.9744771718978882;2.655884265899658;1.3216043710708618;5.0;0.0;0.0;1.0
1.9319329261779785;2.145658254623413;2.611132860183716;1.3316681385040283;5.0;0.0;0.0;1.0
1.97329580783844;2.06498646736145;2.587852954864502;1.316235899925232;5.0;0.0;0.0;1.0
2.0699615478515625;1.9080828428268433;2.5821762084960938;1.343397617340088;1.37490713596344;0.0;0.0;1.0
2.1837785243988037;1.777672290802002;5.0;1.3654932975769043;1.5383920669555664;0.0;0.0;1.0
2.3123812675476074;1.6797915697097778;5.0;1.4097888469696045;1.893244981765747;0.0;0.0;1.0
2.542444944381714;1.622861623764038;5.0;1.4919712543487549;2.962131977081299;0.0;0.0;1.0
2.8725268840789795;1.5846102237701416;5.0;1.6115144491195679;5.0;0.0;0.0;1.0
2.7466659545898438;1.5564249753952026;5.0;1.7232698202133179;5.0;0.0;0.0;1.0
2.610513925552368;1.5389561653137207;5.0;1.862621784210205;5.0;0.0;0.0;1.0
2.4816081523895264;1.542080283164978;5.0;2.0952658653259277;5.0;0.0;0.0;1.0
2.367344856262207;1.5523126125335693;5.0;1.970404863357544;5.0;0.0;0.0;1.0
2.30963397026062;1.6033079624176025;5.0;1.8058302402496338;5.0;0.0;0.0;1.0
2.252037763595581;1.7102082967758179;5.0;1.7164936065673828;3.402488946914673;0.0;0.0;1.0
2.197174072265625;1.7881537675857544;5.0;1.6121147871017456;2.955289602279663;0.0;0.0;1.0
2.2122576236724854;1.949994444847107;5.0;1.5326738357543945;2.657447338104248;0.0;0.0;1.0
5.0;2.1341207027435303;5.0;1.5108535289764404;2.459336996078491;0.0;0.0;1.0
5.0;2.381436586380005;3.4627842903137207;1.4782735109329224;2.3351492881774902;0.0;0.0;1.0
5.0;2.440690755844116;1.4625558853149414;1.4921461343765259;2.221069574356079;0.0;1.0;0.0
5.0;2.2758443355560303;5.0;1.4942190647125244;2.156419515609741;0.0;1.0;0.0
5.0;2.106729030609131;5.0;1.5581601858139038;2.119213819503784;0.0;1.0;0.0
5.0;1.9696035385131836;5.0;1.6187965869903564;2.1283297538757324;0.0;1.0;0.0
5.0;1.8934838771820068;5.0;1.6831387281417847;2.225714921951294;0.0;1.0;0.0
5.0;1.8042049407958984;1.2565703392028809;1.7539690732955933;2.2840588092803955;0.0;1.0;0.0
5.0;1.729478120803833;1.3005450963974;1.815515398979187;2.382350206375122;0.0;1.0;0.0
5.0;1.6536623239517212;1.6877362728118896;1.8948917388916016;2.4412691593170166;0.0;1.0;0.0
5.0;1.5740312337875366;2.085958957672119;1.9555456638336182;2.5315873622894287;0.0;1.0;0.0
5.0;1.5002444982528687;2.592397928237915;2.0265254974365234;2.637611150741577;0.0;1.0;0.0
5.0;1.4164395332336426;2.921581983566284;2.096026659011841;2.7170865535736084;0.0;0.0;1.0
5.0;1.3596762418746948;2.8240997791290283;2.13781476020813;2.811375617980957;0.0;0.0;1.0
5.0;1.3103361129760742;2.7659173011779785;2.1854259967803955;2.8787782192230225;0.0;0.0;1.0
5.0;1.2417787313461304;2.7624382972717285;2.2308647632598877;2.8630599975585938;0.0;0.0;1.0
5.0;1.1734281778335571;2.7031760215759277;2.3039467334747314;2.8257436752319336;0.0;0.0;1.0
3.32369065284729;5.0;2.0879483222961426;2.4218242168426514;2.820220470428467;0.0;0.0;1.0
3.093564510345459;5.0;1.7567386627197266;2.2992634773254395;2.8343775272369385;0.0;0.0;1.0
2.894141435623169;5.0;1.5366203784942627;1.920988917350769;2.837846040725708;0.0;0.0;1.0
2.740466833114624;5.0;1.3964229822158813;1.6530051231384277;2.890735149383545;0.0;1.0;0.0
2.6012213230133057;3.1213793754577637;1.2547184228897095;1.4268614053726196;2.987849235534668;0.0;1.0;0.0
2.498032569885254;3.2042908668518066;1.1675665378570557;1.2900842428207397;3.0914483070373535;0.0;1.0;0.0
2.3790597915649414;3.251626491546631;1.1485774517059326;1.2028871774673462;3.173306465148926;0.0;1.0;0.0
2.2893033027648926;3.218583106994629;1.1782275438308716;1.2015821933746338;3.1787474155426025;1.0;0.0;0.0
2.1906137466430664;3.222196340560913;1.1882593631744385;1.2982746362686157;3.2110846042633057;1.0;0.0;0.0
0.12394583225250244;3.106593132019043;1.2941343784332275;1.2840551137924194;3.111910820007324;1.0;0.0;0.0
2.1400034427642822;3.030250072479248;1.3925904035568237;1.3667235374450684;3.046349048614502;1.0;0.0;0.0
2.150808811187744;2.9863665103912354;1.5708937644958496;1.5017060041427612;2.982696056365967;1.0;0.0;0.0
2.2393672466278076;2.943521738052368;1.8322190046310425;1.7119948863983154;2.973607063293457;1.0;0.0;0.0
2.3216373920440674;5.0;2.1744062900543213;2.00573992729187;1.0000320672988892;1.0;0.0;0.0
2.408703088760376;5.0;2.028383255004883;2.401705503463745;1.0391459465026855;1.0;0.0;0.0
2.610968828201294;5.0;1.931308388710022;3.1638317108154297;1.0747255086898804;1.0;0.0;0.0
2.8634674549102783;5.0;1.8606637716293335;3.0954902172088623;1.1042604446411133;1.0;0.0;0.0
3.213383197784424;5.0;1.8187261819839478;3.099806547164917;1.2239147424697876;1.0;0.0;0.0
3.1762747764587402;5.0;1.8058584928512573;3.1112265586853027;1.3198543787002563;1.0;0.0;0.0
2.998194456100464;5.0;1.7713226079940796;3.1528878211975098;1.443075180053711;1.0;0.0;0.0
2.8413188457489014;5.0;1.7958887815475464;3.245532989501953;1.636125087738037;0.0;1.0;0.0
2.7182555198669434;5.0;1.8555339574813843;3.377058267593384;1.9176408052444458;0.0;1.0;0.0
2.606206178665161;5.0;1.9126920700073242;5.0;2.0515754222869873;0.0;1.0;0.0
2.5224037170410156;5.0;1.9508934020996094;5.0;1.9614125490188599;0.0;1.0;0.0
2.4134957790374756;5.0;1.9604883193969727;5.0;1.9614298343658447;0.0;1.0;0.0
2.3261301517486572;5.0;1.953237533569336;5.0;1.9380683898925781;0.0;1.0;0.0
2.2049872875213623;5.0;1.9696582555770874;5.0;1.9634184837341309;0.0;1.0;0.0
2.1232481002807617;5.0;1.9567610025405884;5.0;1.9617559909820557;0.0;1.0;0.0
2.026787281036377;5.0;1.9685893058776855;5.0;1.959027647972107;0.0;1.0;0.0
1.9233120679855347;5.0;1.9733905792236328;5.0;1.9709454774856567;1.0;0.0;0.0
1.8140288591384888;5.0;1.996536135673523;5.0;1.9115055799484253;1.0;0.0;0.0
1.7555443048477173;5.0;2.0362493991851807;5.0;1.900042176246643;1.0;0.0;0.0
1.6989412307739258;5.0;2.044109344482422;5.0;1.8891102075576782;1.0;0.0;0.0
5.0;3.4396731853485107;2.1966049671173096;5.0;1.8090553283691406;1.0;0.0;0.0
5.0;3.3378243446350098;2.2873663902282715;5.0;1.7558187246322632;1.0;0.0;0.0
5.0;3.268204689025879;2.037893295288086;5.0;1.7357113361358643;1.0;0.0;0.0
5.0;3.1952333450317383;1.8649002313613892;5.0;1.7300537824630737;1.0;0.0;0.0
5.0;3.187668800354004;1.7046425342559814;5.0;1.7278276681900024;1.0;0.0;0.0
5.0;3.174492120742798;1.5810918807983398;5.0;1.764215111732483;1.0;0.0;0.0
5.0;2.268338203430176;1.4942656755447388;5.0;1.8234590291976929;1.0;0.0;0.0
5.0;1.7167993783950806;1.4248813390731812;5.0;1.8833413124084473;1.0;0.0;0.0
5.0;1.3343217372894287;1.3790955543518066;5.0;1.9897092580795288;0.0;1.0;0.0
5.0;1.275936484336853;1.3247915506362915;2.563143014907837;2.1265339851379395;0.0;1.0;0.0
3.2756540775299072;5.0;5.0;2.616701602935791;2.163675308227539;0.0;1.0;0.0
3.1118829250335693;5.0;5.0;2.6883952617645264;1.9398194551467896;0.0;1.0;0.0
3.0059762001037598;1.133697748184204;5.0;2.7133004665374756;1.880924105644226;0.0;1.0;0.0
2.8909389972686768;1.1140550374984741;5.0;2.7496674060821533;1.8373428583145142;0.0;1.0;0.0
2.7976489067077637;1.1727120876312256;5.0;2.7843708992004395;1.7711249589920044;0.0;0.0;1.0
2.664520025253296;1.1644989252090454;3.2043561935424805;2.8653087615966797;1.6235060691833496;0.0;0.0;1.0
2.6076250076293945;1.2015317678451538;3.164595603942871;2.837013006210327;1.6873294115066528;0.0;0.0;1.0
2.664926052093506;1.388292908668518;5.0;5.0;1.841771125793457;0.0;0.0;1.0
2.7510359287261963;1.6120707988739014;5.0;5.0;2.097261667251587;0.0;0.0;1.0
2.9059596061706543;2.053758382797241;5.0;5.0;2.5506255626678467;0.0;0.0;1.0
3.0910396575927734;2.4529361724853516;5.0;5.0;2.7292916774749756;0.0;0.0;1.0
3.3762547969818115;2.3184568881988525;5.0;5.0;2.7072336673736572;0.0;0.0;1.0
5.0;2.250084400177002;5.0;0.9617644548416138;2.6816604137420654;0.0;0.0;1.0
3.470139741897583;2.2243807315826416;5.0;1.0381991863250732;2.6947052478790283;0.0;0.0;1.0
3.258582592010498;2.187265634536743;5.0;1.1671501398086548;2.7033162117004395;0.0;0.0;1.0
3.0767481327056885;2.215280532836914;1.2217364311218262;1.3085013628005981;2.75919771194458;0.0;0.0;1.0
2.9552879333496094;2.2199289798736572;1.175044059753418;1.4304895401000977;2.8158583641052246;0.0;0.0;1.0
2.858539342880249;2.2571771144866943;1.2665706872940063;1.675768256187439;2.942580223083496;0.0;0.0;1.0
2.7967045307159424;2.3581912517547607;1.3528430461883545;1.966052770614624;3.0642852783203125;0.0;0.0;1.0
5.0;2.449747085571289;1.488263487815857;2.3703043460845947;3.22179913520813;0.0;0.0;1.0
5.0;2.5997307300567627;1.6460188627243042;2.3275692462921143;3.40842866897583;0.0;0.0;1.0
5.0;2.815797805786133;2.012742519378662;2.240126371383667;5.0;0.0;1.0;0.0
5.0;3.063308000564575;2.496398687362671;2.2013132572174072;5.0;0.0;1.0;0.0
5.0;3.270643711090088;2.8127520084381104;2.1552975177764893;5.0;0.0;1.0;0.0
5.0;3.0374064445495605;2.7587802410125732;2.186350107192993;5.0;0.0;1.0;0.0
5.0;2.907644748687744;2.7121105194091797;2.208341360092163;5.0;0.0;1.0;0.0
5.0;2.8034558296203613;2.283273935317993;2.2637436389923096;5.0;0.0;1.0;0.0
5.0;2.6816134452819824;1.5284889936447144;2.29168438911438;5.0;0.0;1.0;0.0
5.0;2.581313133239746;0.7265087962150574;2.3412420749664307;5.0;0.0;1.0;0.0
5.0;2.4565553665161133;0.5639559030532837;2.3788657188415527;5.0;0.0;1.0;0.0
5.0;2.3392739295959473;2.5219886302948;2.422722816467285;5.0;0.0;1.0;0.0
5.0;2.231574773788452;2.465794086456299;2.4593429565429688;5.0;0.0;1.0;0.0
5.0;2.1116137504577637;2.4340970516204834;2.5181338787078857;5.0;0.0;1.0;0.0
5.0;1.9922326803207397;2.3765039443969727;2.557094097137451;5.0;0.0;1.0;0.0
5.0;1.9002364873886108;2.3260393142700195;2.594543218612671;5.0;0.0;1.0;0.0
5.0;1.7874654531478882;2.3096377849578857;2.6382436752319336;0.5770201086997986;0.0;1.0;0.0
3.498141050338745;1.6512569189071655;2.245698928833008;2.6586806774139404;0.6877935528755188;0.0;1.0;0.0
3.384319543838501;1.5474611520767212;2.2243382930755615;2.711209535598755;0.803486704826355;0.0;1.0;0.0
3.290999412536621;1.431729793548584;2.170231342315674;2.7647504806518555;0.9210817813873291;0.0;1.0;0.0
3.186392068862915;1.396008014678955;2.136667013168335;2.7846617698669434;1.0166691541671753;0.0;1.0;0.0
3.1118741035461426;5.0;2.09631085395813;2.833444356918335;1.1297030448913574;0.0;1.0;0.0
2.985337495803833;5.0;2.0516860485076904;2.871626853942871;1.2439507246017456;0.0;1.0;0.0
2.8779852390289307;5.0;2.0096652507781982;2.9140377044677734;1.3506152629852295;0.0;1.0;0.0
2.791409492492676;5.0;1.9698671102523804;2.96614146232605;1.4632017612457275;0.0;1.0;0.0
2.6689767837524414;5.0;1.9228148460388184;3.015373945236206;1.5673879384994507;0.0;1.0;0.0
2.579699993133545;5.0;1.876291275024414;3.05794095993042;1.6863077878952026;0.0;1.0;0.0
2.47886061668396;5.0;1.818468689918518;3.085524082183838;1.7984594106674194;0.0;1.0;0.0
2.3707377910614014;5.0;1.794508457183838;3.1193108558654785;1.9107754230499268;0.0;1.0;0.0
2.2776732444763184;5.0;0.16076776385307312;3.1732754707336426;2.021674394607544;0.0;1.0;0.0
2.171853542327881;5.0;1.7057381868362427;3.2049026489257812;2.124000310897827;1.0;0.0;0.0
2.1078147888183594;5.0;1.664487600326538;3.2657828330993652;2.2767386436462402;1.0;0.0;0.0
2.0719006061553955;5.0;1.6371415853500366;3.292314291000366;2.40502667427063;1.0;0.0;0.0
2.019249200820923;5.0;1.628605842590332;3.3494460582733154;2.482755184173584;1.0;0.0;0.0
2.054725408554077;5.0;1.6374653577804565;3.423658609390259;2.253009796142578;1.0;0.0;0.0
0.13665929436683655;5.0;1.6861639022827148;5.0;2.0421743392944336;1.0;0.0;0.0
0.12665413320064545;0.17210152745246887;1.7241942882537842;5.0;1.8858064413070679;1.0;0.0;0.0
2.3846592903137207;2.6961915493011475;1.756818413734436;5.0;1.7883915901184082;1.0;0.0;0.0
2.6494717597961426;2.2593278884887695;1.6893713474273682;5.0;1.6851475238800049;1.0;0.0;0.0
2.9359161853790283;2.0047740936279297;1.637961983680725;5.0;1.6301714181900024;1.0;0.0;0.0
3.381124496459961;1.841392159461975;1.6393381357192993;5.0;1.6118061542510986;1.0;0.0;0.0
5.0;1.7089624404907227;1.613450288772583;5.0;1.5786932706832886;1.0;0.0;0.0
5.0;1.574201226234436;1.6218997240066528;5.0;1.584563136100769;1.0;0.0;0.0
5.0;1.5075604915618896;1.656125545501709;5.0;1.5809988975524902;1.0;0.0;0.0
5.0;1.4291046857833862;1.6785237789154053;5.0;1.6460806131362915;1.0;0.0;0.0
5.0;1.3637765645980835;1.7595078945159912;5.0;1.7051973342895508;1.0;0.0;0.0
5.0;1.3337877988815308;1.8928033113479614;5.0;1.6977882385253906;1.0;0.0;0.0
3.401038885116577;5.0;2.05362868309021;2.4441399574279785;1.6211252212524414;1.0;0.0;0.0
2.7300868034362793;5.0;2.2648184299468994;2.4780988693237305;1.5781782865524292;0.0;1.0;0.0
2.2848188877105713;5.0;2.548025608062744;2.5452888011932373;1.5528264045715332;0.0;1.0;0.0
2.0152883529663086;5.0;2.7952771186828613;2.5790977478027344;1.5657840967178345;0.0;1.0;0.0
1.872619867324829;5.0;3.003347635269165;2.619865655899048;1.6054847240447998;0.0;0.0;1.0
1.851921558380127;5.0;2.8952958583831787;2.639841318130493;1.6382075548171997;0.0;0.0;1.0
0.11999999731779099;1.0629583597183228;2.6799237728118896;2.619249105453491;1.7127183675765991;0.0;0.0;1.0
2.212139129638672;1.0545637607574463;2.5028650760650635;5.0;1.7556811571121216;0.0;0.0;1.0
2.689002275466919;1.0169366598129272;2.2988440990448;5.0;1.8170157670974731;0.0;0.0;1.0
5.0;1.0064847469329834;2.1226584911346436;5.0;1.9024014472961426;0.0;0.0;1.0
5.0;1.0275150537490845;2.008202075958252;5.0;2.011314868927002;0.0;0.0;1.0
5.0;1.0610179901123047;1.9415977001190186;5.0;2.11514949798584;0.0;0.0;1.0
5.0;1.1008254289627075;1.840705156326294;5.0;2.2849743366241455;0.0;1.0;0.0
5.0;1.1452971696853638;1.8172266483306885;5.0;2.310486078262329;0.0;1.0;0.0
5.0;1.188393473625183;1.7471261024475098;1.0329567193984985;2.3603529930114746;0.0;1.0;0.0
5.0;1.2434724569320679;1.714623212814331;1.0309885740280151;2.405442476272583;0.0;1.0;0.0
5.0;1.2669367790222168;1.6926865577697754;1.033798098564148;2.4422168731689453;0.0;1.0;0.0
5.0;1.2940455675125122;1.6461838483810425;1.0390959978103638;2.469264268875122;0.0;1.0;0.0
5.0;1.3381396532058716;1.5766270160675049;1.0676193237304688;2.523613452911377;0.0;1.0;0.0
5.0;1.3629581928253174;1.541811466217041;1.0846303701400757;2.477611541748047;0.0;1.0;0.0
5.0;1.3846304416656494;1.531529188156128;1.109466791152954;2.4217495918273926;0.0;1.0;0.0
5.0;1.3843289613723755;1.485368251800537;1.147934913635254;2.360492706298828;0.0;1.0;0.0
5.0;1.4120116233825684;1.4599807262420654;1.1605987548828125;2.3075592517852783;0.0;1.0;0.0
5.0;1.4268572330474854;1.422487497329712;1.157562255859375;2.2394917011260986;0.0;1.0;0.0
5.0;1.4444440603256226;1.3508421182632446;1.1840590238571167;2.1950926780700684;0.0;1.0;0.0
5.0;1.4908097982406616;1.3266593217849731;1.2277082204818726;2.1312315464019775;0.0;1.0;0.0
5.0;1.5021528005599976;1.304630994796753;1.2443246841430664;2.06657338142395;0.0;1.0;0.0
5.0;1.540385365486145;1.2718448638916016;1.2416963577270508;2.009127378463745;1.0;0.0;0.0
5.0;1.5715103149414062;1.2193909883499146;1.2485992908477783;2.0041205883026123;1.0;0.0;0.0
5.0;1.6788853406906128;1.1819840669631958;1.2574440240859985;2.0917012691497803;0.0;1.0;0.0
5.0;1.7873070240020752;1.1745414733886719;1.2512304782867432;2.1990702152252197;0.0;1.0;0.0
5.0;1.9044749736785889;1.1130051612854004;1.2585432529449463;2.2557666301727295;0.0;1.0;0.0
5.0;1.9627529382705688;1.0658069849014282;1.2968637943267822;2.182091236114502;0.0;1.0;0.0
5.0;1.9360820055007935;1.025119662284851;1.3242926597595215;2.0594942569732666;0.0;1.0;0.0
5.0;1.9378817081451416;0.9692251682281494;1.3598803281784058;1.960882544517517;1.0;0.0;0.0
5.0;1.8958314657211304;0.9171987771987915;1.3984040021896362;1.9864320755004883;1.0;0.0;0.0
5.0;1.8738676309585571;0.8670709133148193;1.3931729793548584;1.7984353303909302;1.0;0.0;0.0
5.0;1.8341774940490723;0.8623826503753662;1.4475358724594116;1.584765911102295;1.0;0.0;0.0
5.0;1.8156590461730957;0.8291460871696472;1.5257172584533691;1.3520954847335815;1.0;0.0;0.0
5.0;1.7555503845214844;0.8351795673370361;1.5949052572250366;1.157522439956665;1.0;0.0;0.0
3.1091442108154297;1.6568852663040161;0.8309922218322754;1.7035146951675415;1.0177266597747803;1.0;0.0;0.0
2.703000783920288;1.5810966491699219;0.8738492131233215;1.814115285873413;0.927889883518219;0.0;1.0;0.0
2.416189670562744;1.5101778507232666;0.9101058840751648;1.9296809434890747;0.9114110469818115;0.0;1.0;0.0
2.2331225872039795;1.4962068796157837;1.166255235671997;2.019399881362915;0.8672648072242737;0.0;1.0;0.0
2.1154959201812744;1.482169270515442;1.7477284669876099;2.0310850143432617;0.8498321771621704;0.0;1.0;0.0
2.033318519592285;1.4229942560195923;5.0;1.9460461139678955;0.8595256805419922;0.0;1.0;0.0
1.93111252784729;1.4035557508468628;5.0;1.9220542907714844;0.8858504891395569;0.0;0.0;1.0
1.863318920135498;1.3738884925842285;5.0;1.8476049900054932;0.8946496248245239;0.0;0.0;1.0
1.764534831047058;1.3710968494415283;5.0;1.885537028312683;0.8900188207626343;0.0;0.0;1.0
1.836502194404602;1.3196704387664795;5.0;1.7335582971572876;0.9489800333976746;0.0;0.0;1.0
1.9875684976577759;1.2451525926589966;5.0;1.5756139755249023;1.022126317024231;0.0;0.0;1.0
2.244147300720215;1.2088326215744019;1.5616177320480347;1.4875197410583496;1.0826828479766846;0.0;0.0;1.0
2.637727975845337;1.1883251667022705;1.3035237789154053;1.3867595195770264;1.1964854001998901;0.0;0.0;1.0
3.191459894180298;1.2002263069152832;1.1785598993301392;1.3378779888153076;1.3203665018081665;0.0;0.0;1.0
5.0;1.1928263902664185;1.0778337717056274;1.2953671216964722;1.5000817775726318;0.0;0.0;1.0
5.0;1.1801064014434814;1.0326156616210938;1.2825335264205933;1.7242512702941895;0.0;1.0;0.0
5.0;1.234144687652588;0.9656177759170532;1.3080246448516846;1.9945900440216064;0.0;1.0;0.0
5.0;1.2508565187454224;0.9452113509178162;1.3085466623306274;2.171869993209839;0.0;1.0;0.0
5.0;1.255292534828186;0.948379397392273;1.308379888534546;2.1632611751556396;0.0;1.0;0.0
5.0;1.2427217960357666;0.9384829998016357;1.3025257587432861;1.922256588935852;0.0;1.0;0.0
5.0;1.2406432628631592;0.9505077004432678;1.2945841550827026;1.7144304513931274;0.0;1.0;0.0
5.0;1.21844482421875;0.947802722454071;1.3064903020858765;1.4747036695480347;0.0;1.0;0.0
5.0;1.243617296218872;0.95518559217453;1.2718570232391357;1.2700859308242798;0.0;1.0;0.0
5.0;1.2341445684432983;0.9657794833183289;1.2722041606903076;1.022068738937378;0.0;1.0;0.0
5.0;1.224414587020874;0.9801643490791321;1.2791080474853516;0.9196345806121826;0.0;1.0;0.0
5.0;1.2164109945297241;5.0;1.28603196144104;0.9262169003486633;0.0;1.0;0.0
5.0;1.2188843488693237;5.0;1.2683254480361938;0.9442141652107239;0.0;1.0;0.0
5.0;1.196058988571167;5.0;1.2568947076797485;0.9349350929260254;0.0;1.0;0.0
5.0;1.201721429824829;5.0;1.2731133699417114;0.9366505742073059;0.0;1.0;0.0
5.0;1.1984000205993652;5.0;1.2461928129196167;0.9414666295051575;0.0;1.0;0.0
5.0;1.2218425273895264;5.0;1.2427394390106201;0.9363257884979248;0.0;1.0;0.0
5.0;1.2026442289352417;3.354807138442993;1.2293105125427246;0.9490631818771362;0.0;1.0;0.0
5.0;1.1661843061447144;3.1500463485717773;1.2465171813964844;0.9488028287887573;0.0;1.0;0.0
5.0;1.1841856241226196;2.94932222366333;1.2385046482086182;0.9633170962333679;0.0;1.0;0.0
5.0;1.185976505279541;2.7918777465820312;1.232051134109497;0.9508486390113831;0.0;1.0;0.0
5.0;1.1615147590637207;2.5933480262756348;1.2199970483779907;1.0828758478164673;0.0;1.0;0.0
5.0;1.1733864545822144;2.4270052909851074;1.2321548461914062;1.3042415380477905;0.0;1.0;0.0
5.0;1.1629530191421509;2.250225067138672;1.2140986919403076;1.5076395273208618;0.0;1.0;0.0
5.0;1.1435441970825195;2.173536777496338;1.2290756702423096;1.7452596426010132;0.0;1.0;0.0
5.0;1.1640732288360596;2.0876870155334473;1.2152186632156372;1.9470582008361816;0.0;1.0;0.0
5.0;1.1515100002288818;2.021738290786743;1.2339884042739868;2.179994583129883;0.0;1.0;0.0
5.0;1.1569819450378418;1.9511260986328125;1.2021995782852173;2.4155163764953613;0.0;1.0;0.0
5.0;1.139441967010498;1.890112280845642;1.2114404439926147;2.645923137664795;0.0;1.0;0.0
5.0;1.1388269662857056;1.8248217105865479;1.2018457651138306;2.866119146347046;0.0;1.0;0.0
5.0;1.1581568717956543;1.7525538206100464;1.1922054290771484;3.079475164413452;0.0;1.0;0.0
5.0;1.1300889253616333;1.674552321434021;1.1958473920822144;3.3045270442962646;0.0;1.0;0.0
5.0;1.1361758708953857;1.6113919019699097;1.1893562078475952;5.0;0.0;1.0;0.0
5.0;1.1021387577056885;1.5506232976913452;1.1752995252609253;5.0;0.0;1.0;0.0
5.0;1.1188067197799683;1.4566028118133545;1.1732083559036255;5.0;0.0;1.0;0.0
5.0;1.0985946655273438;1.403052806854248;1.1633780002593994;5.0;0.0;1.0;0.0
5.0;1.1046099662780762;1.3552485704421997;1.1571850776672363;5.0;0.0;1.0;0.0
5.0;1.1013400554656982;1.2676305770874023;1.1619906425476074;5.0;0.0;1.0;0.0
5.0;1.0796349048614502;1.192190408706665;1.1565595865249634;5.0;0.0;1.0;0.0
3.4379937648773193;1.0983946323394775;1.1420550346374512;1.1497347354888916;5.0;0.0;1.0;0.0
3.3385069370269775;1.0749484300613403;1.117600440979004;1.1449066400527954;5.0;0.0;1.0;0.0
3.202693462371826;1.0641487836837769;1.1643632650375366;1.1548227071762085;5.0;0.0;1.0;0.0
3.116985321044922;1.0719718933105469;1.1399333477020264;1.1133328676223755;5.0;0.0;1.0;0.0
3.020521879196167;1.0396735668182373;1.1582956314086914;1.1250988245010376;5.0;0.0;1.0;0.0
2.9106948375701904;1.0377271175384521;1.148823857307434;1.0989007949829102;5.0;0.0;1.0;0.0
2.7937326431274414;1.0407028198242188;1.1825282573699951;1.0867432355880737;2.1461777687072754;0.0;1.0;0.0
2.69667649269104;1.0310680866241455;1.1837903261184692;1.0967779159545898;1.933189034461975;0.0;1.0;0.0
2.58721661567688;1.021148920059204;1.1821171045303345;1.1084179878234863;1.7200597524642944;0.0;1.0;0.0
2.481381893157959;1.0254716873168945;1.1902997493743896;1.0812407732009888;1.5321028232574463;0.0;1.0;0.0
2.4088134765625;1.0210421085357666;1.3316489458084106;1.0751404762268066;1.325785517692566;0.0;1.0;0.0
2.272406816482544;1.003100037574768;1.7316416501998901;1.0757933855056763;1.147160291671753;0.0;1.0;0.0
2.1781036853790283;0.9945082664489746;2.128692865371704;1.0978080034255981;1.1084126234054565;0.0;1.0;0.0
2.0730466842651367;0.9737991094589233;5.0;1.0838631391525269;1.148729681968689;0.0;1.0;0.0
1.9578899145126343;0.9702539443969727;5.0;1.0539615154266357;1.134054183959961;0.0;1.0;0.0
1.8710931539535522;0.9513307809829712;5.0;1.0501338243484497;1.1428501605987549;0.0;1.0;0.0
1.745630145072937;0.9382641315460205;5.0;1.0498363971710205;1.1677359342575073;0.0;1.0;0.0
1.66207754611969;0.9417209029197693;5.0;1.0356131792068481;1.1610963344573975;0.0;1.0;0.0
1.55439031124115;0.926534116268158;5.0;1.0267888307571411;1.1727532148361206;0.0;1.0;0.0
1.4481251239776611;0.9306151270866394;5.0;1.0366474390029907;1.1654125452041626;0.0;0.0;1.0
1.3362339735031128;0.9113378524780273;5.0;1.003285527229309;1.1532305479049683;0.0;0.0;1.0
1.3223042488098145;0.92256760597229;5.0;0.9806018471717834;1.2105443477630615;0.0;0.0;1.0
1.3537468910217285;0.9466167688369751;5.0;0.9126589894294739;1.2729706764221191;0.0;0.0;1.0
1.4352736473083496;0.9261249303817749;5.0;0.9000988602638245;1.327065110206604;0.0;0.0;1.0
1.6060516834259033;0.8928046822547913;5.0;0.8382803201675415;1.4573839902877808;0.0;0.0;1.0
1.8295172452926636;0.8619096279144287;5.0;0.8220438957214355;1.5988689661026;0.0;0.0;1.0
2.18540358543396;0.8325971364974976;1.9739634990692139;0.8334246873855591;1.767315149307251;0.0;0.0;1.0
2.573154926300049;0.8190117478370667;1.7935329675674438;0.8239712715148926;2.027426242828369;0.0;0.0;1.0
2.708138942718506;0.8203353881835938;1.635489821434021;0.8405707478523254;5.0;0.0;0.0;1.0
2.897012710571289;0.8724145889282227;1.5352641344070435;0.8712468147277832;5.0;0.0;0.0;1.0
3.1065120697021484;0.8930817246437073;1.4422454833984375;0.8921722173690796;5.0;0.0;0.0;1.0
3.385430097579956;0.9226000905036926;1.4023600816726685;0.8255177140235901;5.0;0.0;1.0;0.0
5.0;0.9883966445922852;1.3432155847549438;0.8040542006492615;5.0;0.0;1.0;0.0
5.0;1.0364123582839966;1.3023399114608765;0.7985543012619019;5.0;0.0;1.0;0.0
5.0;1.1008182764053345;1.261773705482483;0.8334521651268005;5.0;0.0;1.0;0.0
5.0;1.131629467010498;1.2417874336242676;0.8447489142417908;5.0;0.0;1.0;0.0
5.0;1.1885902881622314;1.2470024824142456;0.8894702792167664;5.0;0.0;1.0;0.0
5.0;1.2187896966934204;1.2154346704483032;0.9002528190612793;5.0;0.0;1.0;0.0
5.0;1.2738449573516846;1.1600470542907715;0.9172067046165466;5.0;0.0;1.0;0.0
5.0;1.2993018627166748;1.1250580549240112;0.9602600336074829;5.0;0.0;1.0;0.0
3.4474117755889893;1.343159794807434;1.1294502019882202;0.9682784676551819;5.0;0.0;1.0;0.0
3.349456787109375;1.390716791152954;1.096854567527771;0.990229070186615;5.0;0.0;1.0;0.0
3.283048629760742;1.4226393699645996;1.0497102737426758;1.0359569787979126;5.0;0.0;1.0;0.0
3.1710121631622314;1.4394316673278809;1.0211914777755737;1.0656245946884155;5.0;0.0;1.0;0.0
3.0723164081573486;1.4904240369796753;0.9985781908035278;1.1014151573181152;1.4029749631881714;0.0;1.0;0.0
2.9679043292999268;1.4582948684692383;0.9542098045349121;1.121612548828125;1.358017086982727;0.0;1.0;0.0
2.8935229778289795;1.3974835872650146;0.984185516834259;1.148668885231018;1.3216285705566406;0.0;1.0;0.0
2.7820866107940674;1.3663173913955688;1.0970869064331055;1.1687387228012085;1.2733154296875;0.0;1.0;0.0
2.6912384033203125;1.2973967790603638;1.183955430984497;1.1941323280334473;1.230594515800476;0.0;1.0;0.0
2.5957019329071045;1.2656052112579346;1.27610182762146;1.2139246463775635;1.1790751218795776;0.0;1.0;0.0
2.4870264530181885;1.212455153465271;1.3759795427322388;1.2435542345046997;1.1443036794662476;0.0;1.0;0.0
2.402587890625;1.1369597911834717;1.4582124948501587;1.29036283493042;1.1188298463821411;0.0;1.0;0.0
2.300536870956421;1.1090728044509888;5.0;1.3034201860427856;1.0689176321029663;0.0;0.0;1.0
2.2486348152160645;1.0627644062042236;5.0;1.303174614906311;1.0547304153442383;0.0;0.0;1.0
2.2631940841674805;1.0302767753601074;5.0;1.3564019203186035;1.0293054580688477;0.0;0.0;1.0
2.1914000511169434;1.0023669004440308;5.0;1.3500704765319824;1.0165482759475708;0.0;0.0;1.0
2.7065343856811523;0.9788017272949219;5.0;1.347221851348877;1.1364887952804565;0.0;0.0;1.0
5.0;0.9943975806236267;1.3436087369918823;1.3411935567855835;1.2706053256988525;0.0;0.0;1.0
5.0;1.0002672672271729;1.2712496519088745;1.2659801244735718;1.4758573770523071;0.0;0.0;1.0
5.0;1.0035996437072754;1.2012743949890137;1.1528940200805664;1.749795913696289;0.0;1.0;0.0
5.0;1.0519434213638306;1.1574314832687378;1.0774604082107544;2.0277931690216064;0.0;1.0;0.0
5.0;1.0420880317687988;1.1440699100494385;1.0867953300476074;2.0791025161743164;0.0;1.0;0.0
5.0;1.0525346994400024;1.1337515115737915;1.0803773403167725;1.8881115913391113;0.0;1.0;0.0
5.0;1.0642642974853516;1.1358007192611694;1.0556803941726685;1.628122329711914;0.0;1.0;0.0
5.0;1.0771117210388184;1.165351152420044;1.055473804473877;1.3358830213546753;0.0;1.0;0.0
5.0;1.0776360034942627;1.426721215248108;1.0782859325408936;1.1443026065826416;0.0;1.0;0.0
5.0;1.0677292346954346;1.7297585010528564;1.0583475828170776;1.1398258209228516;0.0;1.0;0.0
5.0;1.0667263269424438;2.0058772563934326;1.0788536071777344;1.1340489387512207;0.0;1.0;0.0
5.0;1.0809968709945679;2.285081386566162;1.057113766670227;1.1215907335281372;0.0;1.0;0.0
5.0;1.0577523708343506;5.0;1.0731154680252075;1.1357078552246094;0.0;1.0;0.0
5.0;1.0941615104675293;5.0;1.071258783340454;1.1380311250686646;0.0;1.0;0.0
5.0;1.0742136240005493;5.0;1.0658674240112305;1.134421467781067;0.0;1.0;0.0
5.0;1.0928750038146973;5.0;1.0465428829193115;1.1236969232559204;0.0;1.0;0.0
5.0;1.0683048963546753;5.0;1.0587575435638428;1.1101510524749756;0.0;1.0;0.0
5.0;1.0824838876724243;5.0;1.06235933303833;1.1183385848999023;0.0;1.0;0.0
5.0;1.0670006275177002;5.0;1.0831722021102905;1.1379038095474243;0.0;1.0;0.0
0.11999999731779099;1.0830930471420288;0.16058911383152008;1.0420812368392944;1.1810482740402222;0.0;1.0;0.0
5.0;1.0828678607940674;5.0;1.040257453918457;1.2508103847503662;0.0;1.0;0.0
5.0;1.1100244522094727;5.0;1.069115400314331;1.3251566886901855;0.0;1.0;0.0
5.0;1.0891672372817993;5.0;1.0779221057891846;1.3748576641082764;0.0;1.0;0.0
5.0;1.0913312435150146;5.0;1.0790905952453613;1.4573016166687012;0.0;1.0;0.0
5.0;1.1081703901290894;5.0;1.0691288709640503;1.5280596017837524;0.0;1.0;0.0
5.0;1.0992814302444458;3.4934771060943604;1.0742218494415283;1.5993088483810425;0.0;1.0;0.0
5.0;1.0998311042785645;3.304199695587158;1.0641186237335205;1.6775615215301514;0.0;1.0;0.0
5.0;1.1378276348114014;3.102675676345825;1.0825107097625732;1.749876856803894;0.0;1.0;0.0
5.0;1.1273313760757446;2.8991494178771973;1.0893876552581787;1.8140262365341187;0.0;1.0;0.0
5.0;1.1340843439102173;2.704209089279175;1.0787023305892944;1.8712736368179321;0.0;1.0;0.0
5.0;1.1373622417449951;2.5269663333892822;1.092485785484314;1.9436084032058716;0.0;1.0;0.0
5.0;1.1357702016830444;2.3053717613220215;1.0787123441696167;2.0323269367218018;0.0;1.0;0.0
5.0;1.1567033529281616;2.098360776901245;1.0790351629257202;2.1073429584503174;0.0;1.0;0.0
5.0;1.164534091949463;1.8879544734954834;1.0930390357971191;2.161886692047119;0.0;1.0;0.0
5.0;1.1757802963256836;1.6770620346069336;1.0983169078826904;2.2163522243499756;0.0;1.0;0.0
5.0;1.1818475723266602;1.4900214672088623;1.103081464767456;2.292893171310425;0.0;1.0;0.0
5.0;1.2055087089538574;1.2738783359527588;1.0923526287078857;2.4194743633270264;0.0;1.0;0.0
5.0;1.1934648752212524;1.075111746788025;1.1114929914474487;2.574617385864258;0.0;1.0;0.0
5.0;1.2196556329727173;1.0203520059585571;1.1267285346984863;2.74389386177063;0.0;1.0;0.0
5.0;1.2146384716033936;0.9842944741249084;1.1062885522842407;2.8877830505371094;0.0;1.0;0.0
5.0;1.2384554147720337;0.9768975377082825;1.1262983083724976;3.052227735519409;0.0;1.0;0.0
5.0;1.240889072418213;0.9757688045501709;1.1209238767623901;3.2417662143707275;0.0;1.0;0.0
5.0;1.2504891157150269;0.9590561985969543;1.1359184980392456;3.4028382301330566;1.0;0.0;0.0
5.0;1.2541776895523071;0.975573718547821;1.1586147546768188;5.0;1.0;0.0;0.0
5.0;1.2795910835266113;0.9301086664199829;1.1649917364120483;5.0;1.0;0.0;0.0
5.0;1.2537412643432617;0.9541186690330505;1.1687449216842651;5.0;0.0;1.0;0.0
5.0;1.2260187864303589;0.985968291759491;1.2364375591278076;5.0;0.0;1.0;0.0
5.0;1.1849783658981323;1.0037484169006348;1.282966136932373;5.0;0.0;1.0;0.0
5.0;1.165842056274414;1.0510221719741821;1.277372121810913;0.9337873458862305;0.0;1.0;0.0
5.0;1.1516035795211792;1.0428301095962524;1.2693681716918945;0.9406850337982178;0.0;0.0;1.0
5.0;1.1242939233779907;1.071244239807129;1.294378399848938;0.9531638622283936;0.0;0.0;1.0
5.0;1.1033939123153687;1.1241233348846436;1.2980482578277588;0.9476922154426575;0.0;0.0;1.0
0.13056693971157074;1.1097662448883057;1.1074714660644531;1.2841304540634155;0.9336230158805847;0.0;1.0;0.0
5.0;1.1081159114837646;1.112688660621643;1.274439811706543;0.97775799036026;0.0;1.0;0.0
5.0;1.0873178243637085;1.1412593126296997;1.285474419593811;0.956151008605957;0.0;1.0;0.0
5.0;1.0560097694396973;1.2029215097427368;1.2815265655517578;0.9635711312294006;0.0;1.0;0.0
5.0;1.0310324430465698;1.206215500831604;1.2394940853118896;0.9870709776878357;0.0;1.0;0.0
5.0;1.03878915309906;1.2250752449035645;1.2316577434539795;1.0020333528518677;0.0;1.0;0.0
5.0;1.001511573791504;1.2616350650787354;1.2204233407974243;1.020057201385498;0.0;1.0;0.0
5.0;0.9886906147003174;1.2840244770050049;1.2077089548110962;1.039800763130188;0.0;1.0;0.0
5.0;0.9573594331741333;1.307599425315857;1.179429054260254;1.0451462268829346;0.0;0.0;1.0
5.0;0.9318623542785645;1.3479527235031128;1.1740853786468506;1.0528939962387085;0.0;0.0;1.0
5.0;0.9186839461326599;1.3198920488357544;1.127700686454773;1.105027675628662;0.0;1.0;0.0
5.0;0.9218140840530396;1.2945870161056519;1.0658057928085327;1.1235047578811646;0.0;1.0;0.0
5.0;0.9518591165542603;1.3096590042114258;1.0598700046539307;1.1530137062072754;0.0;1.0;0.0
5.0;0.9184110760688782;1.3096951246261597;1.0615390539169312;1.1446384191513062;0.0;1.0;0.0
5.0;0.9173423051834106;1.3257838487625122;1.0274683237075806;1.1662276983261108;0.0;1.0;0.0
5.0;0.9209632873535156;1.330587387084961;1.014513373374939;1.1538984775543213;0.0;0.0;1.0
5.0;0.9085100293159485;1.3383241891860962;1.0048166513442993;1.1821012496948242;0.0;0.0;1.0
5.0;0.8942829966545105;1.3529924154281616;0.9695078134536743;1.1909620761871338;0.0;1.0;0.0
5.0;0.8898516297340393;1.3559006452560425;0.9735824465751648;1.2180094718933105;0.0;1.0;0.0
5.0;0.8935139179229736;1.347350001335144;0.9894682168960571;1.236730694770813;0.0;1.0;0.0
5.0;0.8515992760658264;1.3869068622589111;0.9635730385780334;1.237829566001892;0.0;1.0;0.0
5.0;0.865314245223999;1.3919280767440796;0.9602586627006531;1.2215144634246826;0.0;1.0;0.0
5.0;0.8450545072555542;1.407776117324829;0.9429729580879211;1.2326223850250244;0.0;0.0;1.0
5.0;0.8465240001678467;1.4390743970870972;0.9598509073257446;1.2294700145721436;0.0;0.0;1.0
5.0;0.8100954294204712;1.4651345014572144;0.9354671835899353;1.262128233909607;0.0;0.0;1.0
5.0;0.8442529439926147;1.3687928915023804;0.8676180839538574;1.3011373281478882;0.0;0.0;1.0
5.0;0.8631828427314758;1.3192155361175537;0.8242374658584595;1.3559832572937012;0.0;0.0;1.0
5.0;0.9264104962348938;1.2643474340438843;0.8037746548652649;1.474097728729248;0.0;0.0;1.0
5.0;0.9963234663009644;1.2092828750610352;0.7666707038879395;1.6081558465957642;0.0;0.0;1.0
3.457580804824829;1.1429240703582764;1.1910954713821411;0.7655377388000488;1.7753396034240723;0.0;1.0;0.0
2.705936908721924;1.301496148109436;1.151443600654602;0.733828604221344;1.967476725578308;0.0;1.0;0.0
2.145873546600342;1.6065890789031982;1.1259838342666626;0.7852868437767029;2.341972589492798;0.0;1.0;0.0
1.798668622970581;2.107797384262085;1.0915919542312622;0.8210659623146057;2.756483793258667;1.0;0.0;0.0
1.5104621648788452;3.0444021224975586;1.0784462690353394;0.870021641254425;5.0;1.0;0.0;0.0
1.4184690713882446;5.0;1.0270817279815674;0.9268926382064819;5.0;1.0;0.0;0.0
1.479297161102295;2.7875595092773438;0.9657026529312134;0.9587470293045044;2.797888994216919;1.0;0.0;0.0
1.613411784172058;2.312319040298462;0.9314629435539246;0.9761168360710144;2.1796412467956543;1.0;0.0;0.0
1.8407703638076782;1.9490734338760376;0.9146323800086975;0.9949683547019958;1.725136160850525;0.0;1.0;0.0
2.0820510387420654;1.7637914419174194;0.8706521391868591;1.010918140411377;1.5256831645965576;0.0;1.0;0.0
2.324907064437866;1.6794772148132324;0.8667740821838379;1.0565694570541382;1.3491424322128296;0.0;1.0;0.0
2.5912437438964844;1.618380069732666;0.8452915549278259;1.0995829105377197;1.2122743129730225;1.0;0.0;0.0
2.8402793407440186;1.5969231128692627;0.8173968195915222;1.146156668663025;1.1263536214828491;1.0;0.0;0.0
5.0;1.5124167203903198;0.8001726865768433;1.175837516784668;1.029322862625122;1.0;0.0;0.0
5.0;1.4950673580169678;0.8116859197616577;1.193311333656311;0.9766303300857544;1.0;0.0;0.0
5.0;1.4040215015411377;0.8239259719848633;1.2830259799957275;0.9201626181602478;1.0;0.0;0.0
5.0;1.3317146301269531;0.8689406514167786;1.305977702140808;0.8353537917137146;1.0;0.0;0.0
5.0;1.2783788442611694;0.891261875629425;1.4193428754806519;0.8061874508857727;1.0;0.0;0.0
5.0;1.2412900924682617;0.9589075446128845;1.529564380645752;0.7846975326538086;0.0;1.0;0.0
5.0;1.2101802825927734;1.0727379322052002;1.6727182865142822;0.7725719213485718;0.0;1.0;0.0
3.0297887325286865;1.1417235136032104;1.2616617679595947;1.8941978216171265;0.743206799030304;0.0;1.0;0.0
2.4664390087127686;1.1053693294525146;1.461348533630371;2.036282539367676;0.7966399788856506;0.0;1.0;0.0
2.34393572807312;1.077087640762329;1.5592924356460571;1.9779280424118042;0.8266004323959351;0.0;0.0;1.0
2.364561080932617;1.0422337055206299;1.5823554992675781;1.8197530508041382;0.8803617358207703;0.0;0.0;1.0
2.6153600215911865;1.0023478269577026;1.498458981513977;1.648870587348938;0.9281603693962097;0.0;0.0;1.0
2.8965580463409424;0.992125391960144;1.4566255807876587;1.5112684965133667;0.9403302073478699;0.0;0.0;1.0
5.0;0.9977747797966003;1.3165333271026611;1.3090059757232666;0.9835547804832458;0.0;0.0;1.0
5.0;1.0136396884918213;1.2584590911865234;1.19523024559021;1.0413731336593628;0.0;1.0;0.0
5.0;1.0290368795394897;1.1779712438583374;1.1120551824569702;1.094675898551941;0.0;1.0;0.0
5.0;1.0617318153381348;1.1497362852096558;1.0623267889022827;1.1270043849945068;0.0;1.0;0.0
5.0;1.0598598718643188;1.1420788764953613;1.0513060092926025;1.1539605855941772;0.0;1.0;0.0
5.0;1.07354736328125;1.119691252708435;1.0663460493087769;1.1327881813049316;0.0;1.0;0.0
5.0;1.0735337734222412;1.1307374238967896;1.060414433479309;1.1417635679244995;0.0;1.0;0.0
5.0;1.0900858640670776;1.1277652978897095;1.0494191646575928;1.1619468927383423;0.0;1.0;0.0
5.0;1.0834479331970215;1.1246024370193481;1.0737874507904053;1.1451953649520874;0.0;1.0;0.0
5.0;1.0809047222137451;1.1147295236587524;1.0417273044586182;1.1116169691085815;0.0;1.0;0.0
5.0;1.0801291465759277;1.127903938293457;1.0683937072753906;1.1422415971755981;0.0;1.0;0.0
5.0;1.0761851072311401;1.111883282661438;1.070942759513855;1.1370880603790283;0.0;1.0;0.0
5.0;1.085155725479126;1.1249207258224487;1.0616905689239502;1.1296724081039429;0.0;1.0;0.0
5.0;1.079394817352295;1.1194348335266113;1.0564913749694824;1.1306859254837036;0.0;1.0;0.0
5.0;1.0748746395111084;1.1216628551483154;1.079535961151123;1.1398862600326538;0.0;1.0;0.0
5.0;1.0706506967544556;1.1193664073944092;1.056336522102356;1.1267006397247314;0.0;1.0;0.0
5.0;1.093309760093689;1.1188644170761108;1.0609138011932373;1.1208785772323608;0.0;1.0;0.0
5.0;1.0892213582992554;1.1047463417053223;1.0477652549743652;1.120979905128479;0.0;1.0;0.0
5.0;1.0796328783035278;1.1126424074172974;1.069612979888916;1.1109102964401245;0.0;1.0;0.0
5.0;1.095658302307129;1.0977648496627808;1.0749661922454834;1.1336894035339355;0.0;1.0;0.0
5.0;1.0880041122436523;1.1069830656051636;1.072232723236084;1.116880178451538;0.0;1.0;0.0
5.0;1.1097158193588257;1.1013902425765991;1.056146502494812;1.1298609972000122;0.0;1.0;0.0
5.0;1.0768741369247437;1.1155356168746948;1.0928810834884644;1.106115698814392;0.0;1.0;0.0
0.127161905169487;1.0925625562667847;1.1144516468048096;1.0816997289657593;1.124266266822815;0.0;1.0;0.0
5.0;1.0979225635528564;1.1148988008499146;1.094650387763977;1.1052751541137695;0.0;1.0;0.0
5.0;1.0881611108779907;1.0929049253463745;1.090661644935608;1.1029695272445679;0.0;1.0;0.0
5.0;1.0891777276992798;1.0915777683258057;1.0899343490600586;1.1038117408752441;0.0;1.0;0.0
5.0;1.1093549728393555;1.105703592300415;1.083791971206665;1.1174757480621338;0.0;1.0;0.0
5.0;1.1106394529342651;1.116850733757019;1.0895105600357056;1.1121413707733154;0.0;1.0;0.0
5.0;1.1018933057785034;1.1004984378814697;1.1014502048492432;1.1035429239273071;0.0;1.0;0.0
5.0;1.1113783121109009;1.0928581953048706;1.0785030126571655;1.100357174873352;0.0;1.0;0.0
5.0;1.1133630275726318;1.0966160297393799;1.1099997758865356;1.1000430583953857;0.0;1.0;0.0
5.0;1.0952367782592773;1.0782535076141357;1.089660882949829;1.0930801630020142;0.0;1.0;0.0
5.0;1.0957398414611816;1.0949976444244385;1.1024589538574219;1.110706090927124;0.0;1.0;0.0
5.0;1.1164449453353882;1.1096419095993042;1.1063377857208252;1.1116913557052612;0.0;1.0;0.0
5.0;1.1137146949768066;1.0799920558929443;1.0888501405715942;1.0885460376739502;0.0;1.0;0.0
5.0;1.1020562648773193;1.0888417959213257;1.0978230237960815;1.1123850345611572;1.0;0.0;0.0
5.0;1.0914610624313354;1.1022801399230957;1.1110914945602417;1.09978449344635;0.0;1.0;0.0
5.0;1.1363134384155273;1.0755441188812256;1.0877373218536377;1.1095746755599976;0.0;1.0;0.0
5.0;1.1760205030441284;1.0718095302581787;1.0824850797653198;1.131622076034546;0.0;1.0;0.0
5.0;1.1846269369125366;1.0359516143798828;1.0792231559753418;1.130312442779541;0.0;1.0;0.0
5.0;1.1817724704742432;1.018059492111206;1.0898566246032715;1.11360502243042;0.0;1.0;0.0
5.0;1.1989476680755615;1.0195577144622803;1.0806379318237305;1.116114854812622;0.0;1.0;0.0
5.0;1.213376760482788;1.0061451196670532;1.1055859327316284;1.1202095746994019;1.0;0.0;0.0
5.0;1.251198410987854;0.9826304316520691;1.0726478099822998;1.1262423992156982;1.0;0.0;0.0
5.0;1.3116611242294312;0.9593298435211182;1.05950927734375;1.1564230918884277;1.0;0.0;0.0
5.0;1.264445185661316;0.9714949727058411;1.106308102607727;1.0867905616760254;1.0;0.0;0.0
3.2827625274658203;1.1912590265274048;1.0102317333221436;1.1516828536987305;1.0088914632797241;0.0;0.0;1.0
3.238546133041382;1.1923308372497559;1.0143576860427856;1.1875370740890503;1.0428396463394165;0.0;0.0;1.0
5.0;1.2616490125656128;0.9681810736656189;1.1021734476089478;1.095407485961914;0.0;0.0;1.0
5.0;1.355924129486084;0.9299934506416321;1.064102292060852;1.134037733078003;0.0;1.0;0.0
5.0;1.4925676584243774;0.8997416496276855;1.0512229204177856;1.268354892730713;0.0;1.0;0.0
5.0;1.6611689329147339;0.8605923056602478;1.05426025390625;1.37142813205719;0.0;1.0;0.0
5.0;1.8473436832427979;0.8347744345664978;1.0727704763412476;1.4275496006011963;1.0;0.0;0.0
5.0;1.8694576025009155;0.7873923778533936;1.113524317741394;1.3232080936431885;1.0;0.0;0.0
5.0;1.7438738346099854;0.7757033705711365;1.1566706895828247;1.182491421699524;1.0;0.0;0.0
5.0;1.7154603004455566;0.7586398124694824;1.1783686876296997;1.1118731498718262;1.0;0.0;0.0
5.0;1.5949701070785522;0.7610588669776917;1.2471747398376465;0.9869243502616882;1.0;0.0;0.0
3.136383056640625;1.4687738418579102;0.773693859577179;1.2875925302505493;0.8775237798690796;1.0;0.0;0.0
2.812805414199829;1.4120229482650757;0.8118138909339905;1.3565952777862549;0.8265023827552795;0.0;1.0;0.0
2.539334297180176;1.3431651592254639;0.8367286920547485;1.4373687505722046;0.7919925451278687;0.0;1.0;0.0
2.362678050994873;1.2777713537216187;1.3376078605651855;1.493262529373169;0.7634344100952148;0.0;1.0;0.0
2.1729092597961426;1.2762494087219238;5.0;1.5347254276275635;0.7584613561630249;0.0;1.0;0.0
2.05712628364563;1.2376788854599;5.0;1.5433001518249512;0.7716968655586243;0.0;1.0;0.0
1.9615453481674194;1.2123106718063354;5.0;1.5184699296951294;0.792454183101654;0.0;0.0;1.0
1.9219588041305542;1.220474123954773;5.0;1.4444050788879395;0.8108168840408325;0.0;0.0;1.0
1.7876430749893188;1.1855847835540771;5.0;1.4532254934310913;0.828068196773529;0.0;0.0;1.0
1.7563984394073486;1.2103840112686157;5.0;1.408399224281311;0.8434251546859741;0.0;0.0;1.0
1.8615797758102417;1.2256321907043457;5.0;1.3184852600097656;0.8978801965713501;0.0;0.0;1.0
1.9958707094192505;1.305274486541748;5.0;1.2661542892456055;0.9490960240364075;0.0;0.0;1.0
2.1718688011169434;1.32911217212677;1.897539734840393;1.1794170141220093;1.0104621648788452;0.0;0.0;1.0
2.4782323837280273;1.2818067073822021;1.5892913341522217;1.143628478050232;1.0967583656311035;0.0;0.0;1.0
2.816638231277466;1.2584240436553955;1.3853206634521484;1.100091576576233;1.2163939476013184;0.0;1.0;0.0
2.8842101097106934;1.2611937522888184;1.2145066261291504;1.1154288053512573;1.3620505332946777;0.0;1.0;0.0
3.0571303367614746;1.27548086643219;1.0932962894439697;1.1527477502822876;1.6825203895568848;0.0;1.0;0.0
3.1873679161071777;1.3043534755706787;1.0481276512145996;1.177893042564392;2.0264174938201904;0.0;1.0;0.0
3.202202320098877;1.3204349279403687;1.0146396160125732;1.2550156116485596;2.063375473022461;0.0;1.0;0.0
3.142552375793457;1.2923983335494995;1.0281503200531006;1.3068463802337646;1.8886219263076782;0.0;1.0;0.0
3.0418243408203125;1.3039436340332031;1.0217068195343018;1.3766282796859741;1.6804414987564087;0.0;1.0;0.0
2.9462337493896484;1.2965853214263916;1.0335417985916138;1.3895843029022217;1.4853278398513794;0.0;1.0;0.0
2.8448386192321777;1.2986729145050049;1.0320384502410889;1.3615628480911255;1.2855029106140137;0.0;1.0;0.0
2.7613019943237305;1.2986490726470947;1.0606772899627686;1.3507061004638672;1.065856695175171;0.0;1.0;0.0
2.6538748741149902;1.2866408824920654;1.049215316772461;1.3628305196762085;0.9797877669334412;0.0;1.0;0.0
2.5666589736938477;1.2840485572814941;1.0416120290756226;1.3376165628433228;1.0109364986419678;0.0;1.0;0.0
2.486326217651367;1.284907341003418;1.0500646829605103;1.3271585702896118;0.9934321641921997;0.0;1.0;0.0
0.1336585283279419;1.2874424457550049;0.15860337018966675;1.34177827835083;0.9955648183822632;0.0;1.0;0.0
2.2781248092651367;1.2719404697418213;1.1062226295471191;1.3147356510162354;1.0026860237121582;0.0;1.0;0.0
2.192965507507324;1.2993392944335938;1.4230297803878784;1.3074660301208496;1.0145390033721924;0.0;1.0;0.0
2.0847091674804688;1.2915714979171753;1.7425881624221802;1.300788402557373;1.0257749557495117;0.0;1.0;0.0
1.9962496757507324;1.2664209604263306;2.0385003089904785;1.330199956893921;1.0165143013000488;0.0;1.0;0.0
1.901289463043213;1.278799057006836;2.331634521484375;1.294913649559021;1.0259439945220947;0.0;1.0;0.0
1.7967009544372559;1.2927632331848145;2.643665075302124;1.3041253089904785;1.0313664674758911;0.0;0.0;1.0
1.7034364938735962;1.2888087034225464;2.952702522277832;1.302770972251892;1.05059814453125;0.0;0.0;1.0
1.6239564418792725;1.2189217805862427;3.3296291828155518;1.3085508346557617;1.0411314964294434;0.0;0.0;1.0
1.596726655960083;1.174903154373169;3.308954954147339;1.2882137298583984;1.0391476154327393;0.0;0.0;1.0
1.732102632522583;1.1280932426452637;2.3833491802215576;1.2204338312149048;1.1269073486328125;0.0;0.0;1.0
1.918524980545044;1.0691660642623901;1.9612621068954468;1.1665666103363037;1.208369493484497;0.0;0.0;1.0
2.1472935676574707;1.0370378494262695;1.7229515314102173;1.161306619644165;1.3067511320114136;0.0;0.0;1.0
2.660191774368286;1.0395936965942383;1.4892113208770752;1.1303071975708008;1.4851675033569336;0.0;0.0;1.0
3.372534990310669;1.0088427066802979;1.3281151056289673;1.1127510070800781;1.650668978691101;0.0;0.0;1.0
5.0;1.0264592170715332;1.237692952156067;1.1328420639038086;1.9214571714401245;0.0;1.0;0.0
5.0;1.046861171722412;1.165083885192871;1.1843786239624023;5.0;0.0;1.0;0.0
5.0;1.1021353006362915;1.0897163152694702;1.1130294799804688;5.0;0.0;1.0;0.0
5.0;1.1553550958633423;1.0554753541946411;1.0644140243530273;5.0;0.0;1.0;0.0
5.0;1.1714270114898682;1.0613356828689575;1.0841516256332397;5.0;0.0;1.0;0.0
5.0;1.1880838871002197;1.0198109149932861;1.073447585105896;5.0;0.0;1.0;0.0
5.0;1.1956548690795898;1.0162763595581055;1.0830804109573364;5.0;0.0;1.0;0.0
5.0;1.1840232610702515;1.0190305709838867;1.0965040922164917;5.0;0.0;1.0;0.0
5.0;1.1935219764709473;1.0117311477661133;1.1011464595794678;2.061753034591675;0.0;1.0;0.0
5.0;1.2283872365951538;0.9861786365509033;1.1192054748535156;1.6766958236694336;0.0;1.0;0.0
5.0;1.2370775938034058;0.9778482913970947;1.1199767589569092;1.2973783016204834;0.0;1.0;0.0
5.0;1.2769935131072998;0.9582998752593994;1.1182583570480347;1.0726375579833984;0.0;1.0;0.0
5.0;1.2577013969421387;0.9659963846206665;1.1404889822006226;1.06161630153656;0.0;1.0;0.0
5.0;1.2740553617477417;0.9613043665885925;1.141873836517334;1.0412564277648926;0.0;1.0;0.0
5.0;1.3010330200195312;0.9524929523468018;1.156981348991394;1.0447643995285034;0.0;1.0;0.0
5.0;1.3159716129302979;0.9135062098503113;1.1680339574813843;1.0141798257827759;0.0;1.0;0.0
5.0;1.3143625259399414;0.9076882600784302;1.1819801330566406;1.010209560394287;0.0;1.0;0.0
5.0;1.320642352104187;0.9182647466659546;1.1643424034118652;1.015150547027588;0.0;1.0;0.0
5.0;1.354660153388977;0.8928768038749695;1.1858477592468262;1.0079567432403564;0.0;1.0;0.0
5.0;1.3811893463134766;0.8777951002120972;1.203391432762146;0.9787741899490356;0.0;1.0;0.0
5.0;1.3724740743637085;0.880424439907074;1.2209563255310059;0.9858987927436829;0.0;1.0;0.0
5.0;1.3952226638793945;0.8533374667167664;1.2087215185165405;0.9754403829574585;0.0;1.0;0.0
5.0;1.4277158975601196;0.8151152729988098;1.2135611772537231;0.9413930773735046;0.0;1.0;0.0
5.0;1.4440861940383911;0.8451109528541565;1.2592846155166626;0.9310228228569031;0.0;1.0;0.0
5.0;1.4601985216140747;0.8402341604232788;1.2633572816848755;0.9411954283714294;0.0;1.0;0.0
5.0;1.4536746740341187;0.8109159469604492;1.258571743965149;0.9124367833137512;0.0;1.0;0.0
5.0;1.5034215450286865;0.7951030135154724;1.2764986753463745;0.8867866396903992;0.0;1.0;0.0
3.4062230587005615;1.4959869384765625;0.746985912322998;1.2897592782974243;0.8968194127082825;0.0;1.0;0.0
3.329068660736084;1.5191971063613892;0.7582994103431702;1.2848213911056519;0.8530296087265015;0.0;1.0;0.0
3.2388570308685303;1.5261942148208618;0.7469581961631775;1.3209314346313477;0.8649162650108337;0.0;1.0;0.0
3.1548912525177;1.5666881799697876;0.7217530608177185;1.3374100923538208;0.8354939222335815;0.0;1.0;0.0
3.0739245414733887;1.5828763246536255;0.714221715927124;1.34616219997406;0.8289873003959656;0.0;1.0;0.0
2.9758896827697754;1.6183593273162842;0.7057535648345947;1.352501392364502;0.8219939470291138;0.0;1.0;0.0
2.9001548290252686;1.6225297451019287;0.8239731192588806;1.381243109703064;0.786901593208313;0.0;1.0;0.0
2.8028151988983154;1.674879789352417;0.96222984790802;1.3746271133422852;0.7715100049972534;0.0;1.0;0.0
2.7036924362182617;1.603985071182251;1.1031440496444702;1.405961513519287;0.7469643354415894;0.0;1.0;0.0
2.6036221981048584;1.5453873872756958;1.2390655279159546;1.4073399305343628;0.7450236082077026;0.0;1.0;0.0
2.5198705196380615;1.4986252784729004;1.3624671697616577;1.434676170349121;0.7202407121658325;0.0;0.0;1.0
2.5247483253479004;1.40749192237854;1.438592553138733;1.4361530542373657;0.7191641330718994;0.0;0.0;1.0
2.6500704288482666;1.3721421957015991;1.2967677116394043;1.4078172445297241;0.7725585699081421;0.0;0.0;1.0
2.6968891620635986;1.3551068305969238;1.1409571170806885;1.3801771402359009;0.8551347255706787;0.0;0.0;1.0
2.7478041648864746;1.3482379913330078;1.070035457611084;1.3774847984313965;0.9292425513267517;0.0;0.0;1.0
2.8753597736358643;1.3599567413330078;0.9756088256835938;1.4022878408432007;1.0903007984161377;0.0;1.0;0.0
3.0142478942871094;1.386863350868225;0.9556236863136292;1.4249063730239868;1.259600281715393;0.0;1.0;0.0
3.164275646209717;1.4528952836990356;0.879311740398407;1.4978467226028442;1.419185757637024;0.0;1.0;0.0
3.2529802322387695;1.4751189947128296;0.8877893090248108;1.4699627161026;1.5446813106536865;0.0;1.0;0.0
3.183285713195801;1.4933847188949585;0.8711975812911987;1.4608523845672607;1.2873975038528442;0.0;1.0;0.0
3.0745432376861572;1.4755573272705078;0.8697316646575928;1.4559553861618042;0.9723337292671204;0.0;1.0;0.0
2.9872007369995117;1.5157325267791748;0.8563956618309021;1.4669721126556396;0.8625168204307556;0.0;1.0;0.0
2.870281934738159;1.4869847297668457;0.8664163947105408;1.4575875997543335;0.8623752593994141;0.0;1.0;0.0
2.7671492099761963;1.4915589094161987;0.8473320603370667;1.469400405883789;0.8480111956596375;0.0;1.0;0.0
2.6504032611846924;1.4946938753128052;0.8428022265434265;1.4527220726013184;0.8675315976142883;0.0;1.0;0.0
2.5382726192474365;1.4967570304870605;0.8586405515670776;1.4823261499404907;0.8608915209770203;0.0;1.0;0.0
2.4475631713867188;1.4712146520614624;0.8298028707504272;1.4989975690841675;0.8568896651268005;0.0;1.0;0.0
2.3401477336883545;1.481099009513855;1.0922797918319702;1.4894212484359741;0.8619269132614136;0.0;1.0;0.0
2.2285752296447754;1.473117470741272;1.361570954322815;1.483728289604187;0.8322047591209412;0.0;1.0;0.0
0.12480545789003372;1.487763524055481;1.637150764465332;1.4926291704177856;0.8376815319061279;0.0;1.0;0.0
2.029350519180298;1.4714962244033813;5.0;1.478940725326538;0.8544424772262573;0.0;1.0;0.0
1.8987828493118286;1.384203314781189;5.0;1.4831827878952026;0.8535776734352112;0.0;1.0;0.0
1.8192938566207886;1.3077383041381836;5.0;1.4929437637329102;0.840143620967865;0.0;1.0;0.0
1.7313145399093628;1.2376641035079956;5.0;1.4893237352371216;0.8273078203201294;0.0;1.0;0.0
1.6257749795913696;1.1693190336227417;5.0;1.4778937101364136;0.8478652238845825;0.0;1.0;0.0
1.507050633430481;1.0955849885940552;5.0;1.4890811443328857;0.8755615949630737;0.0;1.0;0.0
1.381996512413025;1.0204676389694214;5.0;1.4922840595245361;0.9415956735610962;0.0;0.0;1.0
1.3451069593429565;0.9616843461990356;5.0;1.4750514030456543;1.0133552551269531;0.0;0.0;1.0
1.4163347482681274;0.8862050771713257;5.0;1.3739529848098755;1.0361900329589844;0.0;0.0;1.0
1.5288302898406982;0.8377372622489929;5.0;1.363028883934021;1.0773757696151733;0.0;0.0;1.0
1.7444355487823486;0.8222614526748657;5.0;1.304868459701538;1.07895827293396;0.0;0.0;1.0
2.0918025970458984;0.8191007971763611;5.0;1.3100470304489136;1.1655303239822388;0.0;0.0;1.0
2.128178834915161;0.8039790987968445;5.0;1.144740343093872;1.312305212020874;0.0;0.0;1.0
2.199282646179199;0.7957158088684082;5.0;1.0235086679458618;1.5389435291290283;0.0;0.0;1.0
2.3151910305023193;0.8180187940597534;1.4603395462036133;0.9193328619003296;1.8641973733901978;0.0;0.0;1.0
2.518070697784424;0.8324376344680786;1.353177547454834;0.8655866980552673;2.462869882583618;0.0;0.0;1.0
2.7453014850616455;0.9032979011535645;1.2957277297973633;0.8001223802566528;5.0;0.0;0.0;1.0
2.998631238937378;0.9537487626075745;1.2603254318237305;0.7648894786834717;5.0;0.0;1.0;0.0
3.4645919799804688;1.0520927906036377;1.1975675821304321;0.7628612518310547;5.0;0.0;1.0;0.0
5.0;1.180590033531189;1.1776466369628906;0.7658764719963074;5.0;0.0;1.0;0.0
5.0;1.3168553113937378;1.1563823223114014;0.7792631387710571;5.0;0.0;1.0;0.0
5.0;1.356393814086914;1.0901650190353394;0.8296235799789429;5.0;0.0;1.0;0.0
5.0;1.4510828256607056;1.0553582906723022;0.871229887008667;5.0;0.0;1.0;0.0
5.0;1.4728586673736572;0.9957128763198853;0.9092136025428772;5.0;0.0;1.0;0.0
5.0;1.4563682079315186;0.9785157442092896;0.9646493196487427;5.0;0.0;1.0;0.0
5.0;1.4149136543273926;0.9835354089736938;0.9941234588623047;5.0;0.0;1.0;0.0
5.0;1.390748381614685;1.0237321853637695;1.0186712741851807;5.0;0.0;1.0;0.0
5.0;1.362107276916504;1.0888276100158691;1.0675119161605835;1.4054338932037354;0.0;1.0;0.0
5.0;1.3136390447616577;1.1564157009124756;1.1112514734268188;1.3433705568313599;0.0;1.0;0.0
5.0;1.2734698057174683;1.2035225629806519;1.1694949865341187;1.2718956470489502;0.0;1.0;0.0
5.0;1.2434706687927246;1.2720918655395508;1.1995723247528076;1.2051819562911987;0.0;1.0;0.0
5.0;1.1989456415176392;1.3263249397277832;1.235930323600769;1.1436481475830078;0.0;0.0;1.0
5.0;1.1692665815353394;1.3296904563903809;1.2692805528640747;1.1269025802612305;0.0;0.0;1.0
5.0;1.1736955642700195;1.2659612894058228;1.259999394416809;1.2075726985931396;0.0;0.0;1.0
5.0;1.1999400854110718;1.165278434753418;1.3049496412277222;1.4350659847259521;0.0;1.0;0.0
5.0;1.2461028099060059;1.0830905437469482;1.2995051145553589;1.8593063354492188;0.0;1.0;0.0
3.301853895187378;1.3492231369018555;1.0320285558700562;1.2055411338806152;5.0;0.0;1.0;0.0
2.9979822635650635;1.4269574880599976;0.9793618321418762;1.169519305229187;5.0;0.0;1.0;0.0
2.875560998916626;1.48625910282135;0.9464885592460632;1.1589951515197754;5.0;0.0;1.0;0.0
2.7547521591186523;1.5156886577606201;0.937135636806488;1.187640905380249;5.0;0.0;1.0;0.0
2.65317702293396;1.5416345596313477;0.9135047793388367;1.219326138496399;5.0;0.0;1.0;0.0
2.547394275665283;1.5694142580032349;0.8776215314865112;1.2281843423843384;5.0;1.0;0.0;0.0
2.4292590618133545;1.6710528135299683;0.8464245796203613;1.25467050075531;2.0588974952697754;1.0;0.0;0.0
2.393688678741455;1.6200158596038818;0.8518543839454651;1.2670660018920898;1.0666478872299194;1.0;0.0;0.0
2.4648022651672363;1.5339981317520142;0.8614604473114014;1.3334908485412598;0.9959372282028198;0.0;1.0;0.0
2.550225019454956;1.4960347414016724;0.8791199922561646;1.3808002471923828;0.9225524067878723;0.0;1.0;0.0
2.6648454666137695;1.4322437047958374;0.9293996691703796;1.4512802362442017;0.8878632187843323;0.0;1.0;0.0
2.703878879547119;1.4068094491958618;0.9479197859764099;1.473785638809204;0.8543373942375183;0.0;1.0;0.0
2.6037657260894775;1.3945683240890503;0.9604707360267639;1.4837852716445923;0.8851252198219299;0.0;1.0;0.0
2.509352922439575;1.3746901750564575;0.9458496570587158;1.4760972261428833;0.9009432792663574;0.0;1.0;0.0
2.4001548290252686;1.3869585990905762;0.9604688882827759;1.4790966510772705;0.8888581395149231;0.0;1.0;0.0
2.308549404144287;1.370706558227539;0.9692721962928772;1.4581633806228638;0.8957928419113159;0.0;1.0;0.0
2.173746109008789;1.3807806968688965;0.9767675995826721;1.429800271987915;0.9009134769439697;0.0;1.0;0.0
2.1014060974121094;1.5795276165008545;0.9650829434394836;1.4345062971115112;0.9118959903717041;0.0;1.0;0.0
1.9891301393508911;1.809261679649353;1.000205159187317;1.4418184757232666;0.9136044383049011;1.0;0.0;0.0
1.7996737957000732;2.4293556213378906;0.9779964089393616;1.3761005401611328;0.9471131563186646;1.0;0.0;0.0
1.6531457901000977;3.057943344116211;0.9467814564704895;1.3234093189239502;1.0047521591186523;1.0;0.0;0.0
1.735892415046692;2.5913240909576416;0.9742723107337952;1.3860722780227661;0.9597378969192505;1.0;0.0;0.0
1.8452380895614624;2.0396766662597656;1.0302393436431885;1.470607876777649;0.9054297208786011;0.0;1.0;0.0
2.0454118251800537;1.7100685834884644;1.1210132837295532;1.6076006889343262;0.8654518723487854;0.0;1.0;0.0
2.2208025455474854;1.5582648515701294;1.110237956047058;1.7176172733306885;0.8786722421646118;0.0;1.0;0.0
2.329721689224243;1.5259453058242798;1.048776388168335;1.7690125703811646;0.8880875110626221;0.0;1.0;0.0
2.240706443786621;1.6252617835998535;1.0128557682037354;1.7087956666946411;0.9075257182121277;1.0;0.0;0.0
1.9258251190185547;1.8724397420883179;0.9658308029174805;1.5683101415634155;0.9626818299293518;1.0;0.0;0.0
1.7730767726898193;2.0554580688476562;0.9375468492507935;1.4902640581130981;0.9876866340637207;1.0;0.0;0.0
1.9400200843811035;1.8615922927856445;0.8921046257019043;1.5920675992965698;0.9800602197647095;1.0;0.0;0.0
2.302260398864746;1.6636220216751099;0.8880341649055481;1.750268578529358;0.9751771688461304;1.0;0.0;0.0
2.924957752227783;1.5128295421600342;0.8878629803657532;1.9987105131149292;0.9701162576675415;1.0;0.0;0.0
5.0;1.3807474374771118;0.8914384245872498;2.3693127632141113;0.9955228567123413;1.0;0.0;0.0
5.0;1.3014464378356934;0.9384610056877136;2.9701201915740967;1.0236034393310547;0.0;1.0;0.0
5.0;1.239633560180664;0.9678117632865906;5.0;0.9669554829597473;0.0;1.0;0.0
5.0;1.2069956064224243;0.9996001720428467;5.0;0.9265011548995972;0.0;1.0;0.0
5.0;1.1767683029174805;1.046951413154602;5.0;0.9138867855072021;0.0;1.0;0.0
5.0;1.169602632522583;1.0842139720916748;5.0;0.9161843657493591;0.0;1.0;0.0
5.0;1.1312098503112793;1.0755819082260132;5.0;0.9316449165344238;0.0;1.0;0.0
5.0;1.111430287361145;1.083479404449463;5.0;0.935390830039978;0.0;1.0;0.0
5.0;1.1174383163452148;1.1172032356262207;5.0;0.9452347755432129;0.0;1.0;0.0
5.0;1.0919023752212524;1.1349389553070068;5.0;0.977131187915802;0.0;1.0;0.0
5.0;1.1040669679641724;1.155509114265442;3.071619749069214;0.9752651453018188;0.0;1.0;0.0
5.0;1.054775357246399;1.1713083982467651;2.5157647132873535;0.9904537796974182;0.0;1.0;0.0
5.0;1.0400677919387817;1.1846143007278442;1.9592350721359253;1.0009288787841797;0.0;1.0;0.0
5.0;1.038844347000122;1.2033164501190186;1.379665493965149;1.009781837463379;0.0;1.0;0.0
5.0;1.0237956047058105;1.22179114818573;1.1943721771240234;1.0203617811203003;0.0;1.0;0.0
5.0;1.0002994537353516;1.226029634475708;1.195654034614563;1.0467945337295532;0.0;1.0;0.0
5.0;0.972874641418457;1.2496225833892822;1.1675760746002197;1.0611639022827148;0.0;1.0;0.0
5.0;0.9500898122787476;1.2906290292739868;1.149255633354187;1.0809448957443237;0.0;1.0;0.0
5.0;0.9385603070259094;1.293378472328186;1.1273130178451538;1.1001559495925903;0.0;1.0;0.0
5.0;0.9365910291671753;1.3385318517684937;1.1242226362228394;1.1051335334777832;0.0;1.0;0.0
5.0;0.9245985746383667;1.3472397327423096;1.1012166738510132;1.1183115243911743;0.0;1.0;0.0
5.0;0.8983535170555115;1.3769351243972778;1.0646132230758667;1.144585371017456;0.0;1.0;0.0
5.0;0.8831852078437805;1.394984483718872;1.0607516765594482;1.1388373374938965;0.0;1.0;0.0
5.0;0.8495886325836182;1.4319136142730713;1.061800241470337;1.1743377447128296;0.0;1.0;0.0
5.0;1.0021861791610718;1.4338587522506714;1.027530312538147;1.1642653942108154;0.0;1.0;0.0
5.0;1.1224886178970337;1.4727222919464111;1.02719247341156;1.188836932182312;0.0;1.0;0.0
5.0;1.2457529306411743;1.4884116649627686;1.002563238143921;1.1935244798660278;0.0;1.0;0.0
5.0;1.3790472745895386;1.519193172454834;0.9695500135421753;1.239871859550476;0.0;1.0;0.0
5.0;1.5213111639022827;1.5631409883499146;0.9426547288894653;1.2347791194915771;0.0;1.0;0.0
5.0;1.6400221586227417;1.5617754459381104;0.9360902309417725;1.2691246271133423;0.0;1.0;0.0
3.4546244144439697;1.7592251300811768;1.5975080728530884;0.9235012531280518;1.2902930974960327;0.0;1.0;0.0
3.358908176422119;1.897929072380066;1.6419875621795654;0.8834527730941772;1.293843388557434;0.0;1.0;0.0
3.2692952156066895;2.0117859840393066;1.64687180519104;0.8844155073165894;1.3318724632263184;0.0;1.0;0.0
3.1545634269714355;2.136370897293091;1.6805170774459839;0.9218618273735046;1.3493024110794067;0.0;1.0;0.0
3.0671772956848145;2.2484219074249268;1.7079148292541504;1.0024659633636475;1.3458118438720703;0.0;1.0;0.0
2.994788646697998;2.3824515342712402;1.7029870748519897;1.0656381845474243;1.3812474012374878;0.0;1.0;0.0
2.8947548866271973;2.4833903312683105;1.637695550918579;1.1293858289718628;1.3828758001327515;0.0;1.0;0.0
2.795531988143921;2.5912461280822754;1.5990043878555298;1.1603858470916748;1.4116404056549072;0.0;1.0;0.0
2.7089717388153076;2.7168610095977783;1.5311239957809448;1.2102282047271729;1.4232254028320312;1.0;0.0;0.0
2.5728371143341064;5.0;1.4651341438293457;1.2637279033660889;1.4588487148284912;1.0;0.0;0.0
2.4237608909606934;5.0;1.444204330444336;1.2969833612442017;1.4941176176071167;1.0;0.0;0.0
2.4298622608184814;5.0;1.4101710319519043;1.3269392251968384;1.4927533864974976;1.0;0.0;0.0
2.6123592853546143;2.6158175468444824;1.3849238157272339;1.3581780195236206;1.446520447731018;1.0;0.0;0.0
2.637772560119629;2.332183361053467;1.3493739366531372;1.3818036317825317;1.4117509126663208;1.0;0.0;0.0
2.7169361114501953;2.115600109100342;1.3644832372665405;1.4311878681182861;1.4207417964935303;0.0;1.0;0.0
2.8056888580322266;1.9290653467178345;1.3620730638504028;1.4859352111816406;1.4345998764038086;0.0;1.0;0.0
2.9806456565856934;1.7914438247680664;1.4065338373184204;1.5759963989257812;1.4790347814559937;0.0;1.0;0.0
3.0798206329345703;1.6984426975250244;1.4706400632858276;1.6514337062835693;1.519498586654663;0.0;1.0;0.0
3.0272879600524902;1.693328857421875;1.4552534818649292;1.6639931201934814;1.4759464263916016;0.0;1.0;0.0
2.912937641143799;1.6850528717041016;1.4701637029647827;1.6771429777145386;1.5021913051605225;0.0;1.0;0.0
2.8040976524353027;1.6878695487976074;1.4685155153274536;1.6624001264572144;1.482524037361145;0.0;1.0;0.0
2.7235589027404785;1.6955238580703735;1.446785569190979;1.677544355392456;1.4751427173614502;0.0;1.0;0.0
2.600161552429199;1.7111412286758423;1.4451355934143066;1.6608574390411377;1.476026177406311;0.0;1.0;0.0
2.5129621028900146;1.7165403366088867;1.4521881341934204;1.6775243282318115;1.4925715923309326;0.0;1.0;0.0
2.405949115753174;1.7114969491958618;1.4583489894866943;1.6708201169967651;1.4655637741088867;0.0;1.0;0.0
2.3056390285491943;1.7186241149902344;1.4403631687164307;1.6754331588745117;1.4842312335968018;0.0;1.0;0.0
2.196617603302002;1.736275553703308;1.4333571195602417;1.6697276830673218;1.4670132398605347;0.0;1.0;0.0
2.090864419937134;1.730303168296814;1.4400805234909058;1.6567784547805786;1.4899401664733887;0.0;1.0;0.0
1.977046251296997;1.992277979850769;1.418375015258789;1.6952414512634277;1.4689465761184692;0.0;1.0;0.0
1.8815045356750488;2.325599431991577;1.4122639894485474;1.6618268489837646;1.4650179147720337;0.0;1.0;0.0
1.7750872373580933;2.674262762069702;1.3591163158416748;1.6786019802093506;1.461001992225647;0.0;1.0;0.0
1.6826622486114502;3.048107147216797;1.2882177829742432;1.6774611473083496;1.4556711912155151;0.0;1.0;0.0
1.563269853591919;3.451904773712158;1.227745532989502;1.6565412282943726;1.4601575136184692;0.0;1.0;0.0
1.467642903327942;5.0;1.133380651473999;1.6624326705932617;1.4687608480453491;0.0;1.0;0.0
1.3540705442428589;5.0;1.0438072681427002;1.6863993406295776;1.4415898323059082;0.0;1.0;0.0
1.2792941331863403;5.0;0.9790145754814148;1.6733049154281616;1.446567416191101;0.0;1.0;0.0
1.1646461486816406;5.0;0.16351616382598877;1.7047351598739624;1.4344966411590576;0.0;1.0;0.0
1.0714855194091797;5.0;0.830938994884491;1.6932939291000366;1.4323776960372925;1.0;0.0;0.0
0.9812673926353455;5.0;0.15469776093959808;1.7088006734848022;1.4177162647247314;1.0;0.0;0.0
0.9184976816177368;5.0;0.706926167011261;1.723044991493225;1.4057908058166504;1.0;0.0;0.0
0.8956531882286072;5.0;0.6574648022651672;1.7331538200378418;1.413417935371399;1.0;0.0;0.0
0.9069910645484924;5.0;0.614372730255127;1.837406873703003;1.3286361694335938;1.0;0.0;0.0
0.9829320907592773;5.0;0.578765869140625;1.9946058988571167;1.2624140977859497;1.0;0.0;0.0
1.0655081272125244;2.7529103755950928;0.5492685437202454;2.128772020339966;1.113196611404419;1.0;0.0;0.0
1.2490314245224;2.3868417739868164;0.515568733215332;2.4045937061309814;0.8778060674667358;1.0;0.0;0.0
1.5453647375106812;2.109330177307129;0.5053945779800415;2.7448484897613525;0.7387920618057251;1.0;0.0;0.0
2.0716285705566406;1.9453974962234497;0.49885475635528564;3.1768980026245117;0.6499254703521729;1.0;0.0;0.0
2.9726603031158447;1.832959532737732;0.5015687346458435;5.0;0.6004723906517029;1.0;0.0;0.0
5.0;1.7219518423080444;0.5032796263694763;5.0;0.5388349890708923;1.0;0.0;0.0
5.0;1.622009038925171;0.5188072919845581;5.0;0.5033864974975586;1.0;0.0;0.0
5.0;1.4963786602020264;0.5654144883155823;5.0;0.4915693402290344;1.0;0.0;0.0
5.0;1.5382803678512573;0.620572566986084;5.0;0.4589890241622925;1.0;0.0;0.0
5.0;1.6114284992218018;0.7033165693283081;5.0;0.4794052541255951;0.0;1.0;0.0
5.0;1.6811712980270386;0.8030243515968323;5.0;0.4785510003566742;0.0;1.0;0.0
2.696443557739258;1.7699121236801147;1.0569428205490112;5.0;0.5003747344017029;0.0;1.0;0.0
2.3301455974578857;1.8094298839569092;1.338626503944397;5.0;0.5461273789405823;0.0;1.0;0.0
2.202880382537842;1.6599551439285278;1.5461156368255615;5.0;0.6119667887687683;0.0;1.0;0.0
2.0887999534606934;1.5237008333206177;1.6925299167633057;5.0;0.6607582569122314;0.0;0.0;1.0
2.0471370220184326;1.3595434427261353;1.7817426919937134;5.0;0.7102982997894287;0.0;0.0;1.0
2.096956968307495;1.1861200332641602;1.7132900953292847;5.0;0.743718683719635;0.0;0.0;1.0
2.229830741882324;1.073015809059143;1.6175258159637451;5.0;0.7864110469818115;0.0;0.0;1.0
5.0;1.1013002395629883;1.4076886177062988;5.0;0.8152409195899963;0.0;0.0;1.0
5.0;1.1017951965332031;1.2573223114013672;5.0;0.8523719310760498;0.0;0.0;1.0
5.0;1.0863994359970093;1.1855977773666382;5.0;0.8780380487442017;0.0;0.0;1.0
5.0;1.1101360321044922;1.10933518409729;5.0;0.9192418456077576;0.0;0.0;1.0
5.0;1.1521246433258057;1.0343875885009766;2.5988311767578125;0.9791045784950256;0.0;0.0;1.0
5.0;1.2213886976242065;0.9841236472129822;1.6608076095581055;1.0516631603240967;0.0;0.0;1.0
5.0;1.307324767112732;0.9467769861221313;1.2258661985397339;1.1239763498306274;0.0;1.0;0.0
3.293492317199707;1.453316330909729;0.9042838215827942;1.054114580154419;1.241066336631775;0.0;1.0;0.0
2.3113770484924316;1.678161859512329;0.886296272277832;1.0407123565673828;1.394338846206665;0.0;1.0;0.0
1.8234508037567139;5.0;0.8189780712127686;1.0682287216186523;1.5079984664916992;0.0;1.0;0.0
1.6908026933670044;5.0;0.7953330874443054;1.0978810787200928;1.487221121788025;1.0;0.0;0.0
1.5645519495010376;5.0;0.751645028591156;1.1742563247680664;1.4347004890441895;1.0;0.0;0.0
1.544047236442566;5.0;0.7218855023384094;1.1886612176895142;1.343100905418396;1.0;0.0;0.0
1.529074788093567;5.0;0.6912659406661987;1.215950846672058;1.2468680143356323;1.0;0.0;0.0
1.8761910200119019;5.0;0.674585223197937;1.240081787109375;1.0531325340270996;1.0;0.0;0.0
2.477694034576416;5.0;0.6742210388183594;1.288553237915039;0.9140724539756775;1.0;0.0;0.0
3.38983154296875;1.6644037961959839;0.6809566020965576;1.3432703018188477;0.8178735375404358;1.0;0.0;0.0
5.0;1.5480767488479614;0.7023934125900269;1.3940032720565796;0.7649633288383484;0.0;1.0;0.0
5.0;1.4786432981491089;0.7126690745353699;1.4782527685165405;0.711360514163971;0.0;1.0;0.0
5.0;1.4385656118392944;0.7543668746948242;1.525073766708374;0.6968758702278137;0.0;1.0;0.0
5.0;1.4046516418457031;0.7632511854171753;1.5279816389083862;0.70537269115448;0.0;1.0;0.0
5.0;1.4097065925598145;0.7771881818771362;1.5233334302902222;0.7118619680404663;0.0;1.0;0.0
5.0;1.4118261337280273;0.7684192657470703;1.532902717590332;0.7101324796676636;0.0;1.0;0.0
5.0;5.0;0.777908444404602;1.5316698551177979;0.723191499710083;0.0;1.0;0.0
5.0;5.0;0.8100798726081848;1.5281516313552856;0.713546872138977;0.0;1.0;0.0
5.0;5.0;0.8318595290184021;1.5070230960845947;0.731881856918335;0.0;1.0;0.0
5.0;5.0;0.8165723085403442;1.5043017864227295;0.7447016835212708;0.0;1.0;0.0
5.0;5.0;0.8417841196060181;1.503965139389038;0.7738656997680664;0.0;1.0;0.0
5.0;5.0;0.84984290599823;1.4796831607818604;0.7692404389381409;1.0;0.0;0.0
5.0;5.0;0.8658740520477295;1.4243791103363037;0.807083249092102;1.0;0.0;0.0
5.0;5.0;0.8610542416572571;1.4638855457305908;0.7756458520889282;1.0;0.0;0.0
5.0;5.0;0.9284146428108215;1.575344443321228;0.7366319894790649;1.0;0.0;0.0
0.1296950727701187;5.0;1.012047529220581;1.6737992763519287;0.7364988327026367;1.0;0.0;0.0
3.2939670085906982;5.0;1.167462944984436;1.9001402854919434;0.7352665066719055;0.0;1.0;0.0
2.6016478538513184;5.0;1.3560343980789185;2.1526284217834473;0.7262179255485535;0.0;1.0;0.0
2.1173596382141113;5.0;1.6983128786087036;2.4985337257385254;0.7673951983451843;0.0;1.0;0.0
1.9343419075012207;2.7535104751586914;2.1628785133361816;5.0;0.8228878974914551;0.0;1.0;0.0
1.8512898683547974;2.996957778930664;2.4071686267852783;5.0;0.8655510544776917;0.0;1.0;0.0
1.775685429573059;3.5;2.583393096923828;2.644150495529175;0.9479303359985352;0.0;1.0;0.0
1.662843108177185;5.0;2.7855477333068848;2.5065689086914062;0.9970110654830933;0.0;1.0;0.0
1.5767712593078613;5.0;3.0008437633514404;2.3562304973602295;1.0608673095703125;0.0;1.0;0.0
1.4770206212997437;5.0;3.1951560974121094;2.1945743560791016;1.1203265190124512;0.0;1.0;0.0
1.3825199604034424;5.0;3.416844367980957;2.015801191329956;1.200767159461975;1.0;0.0;0.0
1.286665678024292;5.0;5.0;1.8847235441207886;1.2315808534622192;1.0;0.0;0.0
1.3033580780029297;5.0;5.0;2.226473569869995;1.3120485544204712;1.0;0.0;0.0
1.3811960220336914;3.034615993499756;5.0;3.0423312187194824;1.3904722929000854;1.0;0.0;0.0
1.5032505989074707;2.48262357711792;5.0;5.0;1.458964467048645;1.0;0.0;0.0
1.7343908548355103;2.051480770111084;5.0;5.0;1.5864490270614624;1.0;0.0;0.0
2.0402064323425293;1.8169097900390625;5.0;5.0;1.7349704504013062;1.0;0.0;0.0
2.45291805267334;1.671887993812561;2.3350255489349365;5.0;1.9028083086013794;1.0;0.0;0.0
3.320089817047119;1.5315513610839844;1.4677295684814453;5.0;2.175431251525879;1.0;0.0;0.0
0.12662746012210846;1.414871096611023;1.0262012481689453;5.0;2.506929397583008;1.0;0.0;0.0
5.0;1.3409100770950317;0.8917147517204285;3.3383822441101074;2.917980670928955;1.0;0.0;0.0
